date,symbol,open,high,low,close,volume
2025-09-11,ALII,550.0,560.0,535.0,535.0,2896600
2025-09-11,BBRI,4000.0,4120.0,3980.0,4080.0,281910400
2025-09-11,BRPT,2260.0,2280.0,2210.0,2250.0,86406200
2025-09-11,CUAN,1425.0,1445.0,1405.0,1420.0,58880600
2025-09-11,MPPA,70.0,76.0,69.0,72.0,90202800
2025-09-11,TLKM,3180.0,3190.0,3070.0,3080.0,71919900
2025-09-12,ALII,540.0,545.0,535.0,545.0,2857900
2025-09-12,BBRI,4180.0,4190.0,4110.0,4180.0,235383800
2025-09-12,BRPT,2270.0,2400.0,2230.0,2260.0,286413300
2025-09-12,CUAN,1435.0,1470.0,1420.0,1430.0,73018400
2025-09-12,MPPA,72.0,76.0,71.0,74.0,121292100
2025-09-12,TLKM,3090.0,3110.0,3050.0,3100.0,61521400
2025-09-15,ALII,545.0,555.0,540.0,550.0,2702100
2025-09-15,BBRI,4200.0,4220.0,4120.0,4140.0,157482000
2025-09-15,BRPT,2270.0,2360.0,2230.0,2340.0,118955300
2025-09-15,CUAN,1435.0,1505.0,1430.0,1505.0,85823000
2025-09-15,MPPA,74.0,78.0,74.0,75.0,118418900
2025-09-15,TLKM,3150.0,3260.0,3130.0,3260.0,115361300
2025-09-16,ALII,550.0,550.0,540.0,540.0,2352000
2025-09-16,BBRI,4160.0,4170.0,4080.0,4130.0,167511900
2025-09-16,BRPT,2350.0,2370.0,2260.0,2320.0,111713800
2025-09-16,CUAN,1510.0,1520.0,1455.0,1470.0,59121600
2025-09-16,MPPA,75.0,76.0,69.0,72.0,136852700
2025-09-16,TLKM,3300.0,3300.0,3260.0,3300.0,80642900
2025-09-17,ALII,545.0,545.0,530.0,540.0,3105500
2025-09-17,BBRI,4160.0,4220.0,4120.0,4220.0,245154800
2025-09-17,BRPT,2310.0,2510.0,2290.0,2480.0,330964300
2025-09-17,CUAN,1480.0,1530.0,1465.0,1505.0,106948700
2025-09-17,MPPA,72.0,81.0,71.0,75.0,409721200
2025-09-17,TLKM,3300.0,3340.0,3210.0,3340.0,73539700
2025-09-18,ALII,535.0,585.0,535.0,555.0,4904900
2025-09-18,BBRI,4270.0,4270.0,4210.0,4250.0,332670300
2025-09-18,BRPT,2520.0,2930.0,2500.0,2900.0,587645500
2025-09-18,CUAN,1520.0,1600.0,1505.0,1580.0,238714800
2025-09-18,MPPA,76.0,78.0,72.0,74.0,193971600
2025-09-18,TLKM,3400.0,3400.0,3230.0,3250.0,99501600
2025-09-19,ALII,550.0,690.0,530.0,530.0,16862900
2025-09-19,BBRI,4230.0,4250.0,4180.0,4250.0,211373200
2025-09-19,BRPT,2870.0,3160.0,2850.0,3000.0,472483100
2025-09-19,CUAN,1590.0,1600.0,1550.0,1590.0,138605600
2025-09-19,MPPA,74.0,74.0,71.0,71.0,38613600
2025-09-19,TLKM,3210.0,3300.0,3160.0,3230.0,113834400
2025-09-22,ALII,540.0,550.0,530.0,545.0,5744700
2025-09-22,BBRI,4250.0,4250.0,4110.0,4160.0,157592800
2025-09-22,BRPT,3050.0,3280.0,3030.0,3220.0,284758700
2025-09-22,CUAN,1590.0,1680.0,1570.0,1640.0,355262300
2025-09-22,MPPA,71.0,72.0,68.0,69.0,77928900
2025-09-22,TLKM,3300.0,3300.0,3190.0,3220.0,53704700
2025-09-23,ALII,545.0,555.0,530.0,535.0,8637000
2025-09-23,BBRI,4120.0,4170.0,4110.0,4140.0,110771700
2025-09-23,BRPT,3300.0,3390.0,3120.0,3370.0,278144800
2025-09-23,CUAN,1640.0,1650.0,1600.0,1615.0,140460900
2025-09-23,MPPA,70.0,72.0,69.0,71.0,42720900
2025-09-23,TLKM,3240.0,3260.0,3130.0,3190.0,40100300
2025-09-24,ALII,535.0,555.0,535.0,545.0,3760800
2025-09-24,BBRI,4140.0,4170.0,4100.0,4170.0,124591600
2025-09-24,BRPT,3390.0,3910.0,3340.0,3770.0,427477000
2025-09-24,CUAN,1615.0,1640.0,1570.0,1595.0,156902000
2025-09-24,MPPA,72.0,73.0,69.0,69.0,33260400
2025-09-24,TLKM,3190.0,3190.0,3150.0,3160.0,37086500
2025-09-25,ALII,550.0,555.0,535.0,545.0,5486200
2025-09-25,BBRI,4170.0,4170.0,4050.0,4070.0,129656800
2025-09-25,BRPT,3700.0,3800.0,3510.0,3510.0,254196500
2025-09-25,CUAN,1590.0,1625.0,1550.0,1590.0,112980500
2025-09-25,MPPA,70.0,71.0,68.0,68.0,36447900
2025-09-25,TLKM,3160.0,3200.0,3110.0,3120.0,37627500
2025-09-26,ALII,545.0,555.0,535.0,550.0,4713400
2025-09-26,BBRI,4050.0,4080.0,4000.0,4040.0,146229200
2025-09-26,BRPT,3500.0,3690.0,3460.0,3690.0,174819000
2025-09-26,CUAN,1615.0,1630.0,1590.0,1600.0,71543700
2025-09-26,MPPA,69.0,70.0,68.0,69.0,27395800
2025-09-26,TLKM,3100.0,3160.0,3090.0,3110.0,66789300
2025-09-29,ALII,545.0,555.0,540.0,550.0,6079400
2025-09-29,BBRI,4040.0,4040.0,3960.0,3980.0,126611800
2025-09-29,BRPT,3750.0,3980.0,3710.0,3760.0,217850900
2025-09-29,CUAN,1600.0,1670.0,1590.0,1610.0,191796400
2025-09-29,MPPA,69.0,91.0,68.0,88.0,1828877000
2025-09-29,TLKM,3110.0,3130.0,3050.0,3080.0,85911300
2025-09-30,ALII,555.0,565.0,540.0,540.0,6584700
2025-09-30,BBRI,3980.0,3980.0,3900.0,3900.0,217357100
2025-09-30,BRPT,3770.0,3830.0,3700.0,3750.0,102157300
2025-09-30,CUAN,1630.0,1645.0,1605.0,1620.0,95295500
2025-09-30,MPPA,89.0,93.0,81.0,85.0,1319778600
2025-09-30,TLKM,3090.0,3140.0,3060.0,3060.0,117025800
2025-10-01,ALII,545.0,550.0,540.0,545.0,4927800
2025-10-01,BBRI,3860.0,3940.0,3800.0,3810.0,223133600
2025-10-01,BRPT,3750.0,3840.0,3720.0,3790.0,90192100
2025-10-01,CUAN,1650.0,1650.0,1610.0,1610.0,86910200
2025-10-01,MPPA,84.0,86.0,80.0,82.0,185742600
2025-10-01,TLKM,3060.0,3100.0,3060.0,3060.0,59779700
2025-10-02,ALII,570.0,670.0,535.0,565.0,20585200
2025-10-02,BBRI,3760.0,3790.0,3710.0,3710.0,379620000
2025-10-02,BRPT,3800.0,3870.0,3760.0,3850.0,90607500
2025-10-02,CUAN,1630.0,1630.0,1605.0,1610.0,48573900
2025-10-02,MPPA,82.0,86.0,81.0,82.0,157107400
2025-10-02,TLKM,3070.0,3200.0,3060.0,3130.0,113431700
2025-10-03,ALII,555.0,560.0,525.0,545.0,3091200
2025-10-03,BBRI,3710.0,3750.0,3680.0,3690.0,214737100
2025-10-03,BRPT,3880.0,3900.0,3800.0,3850.0,105949700
2025-10-03,CUAN,1610.0,1615.0,1580.0,1600.0,74499500
2025-10-03,MPPA,82.0,83.0,77.0,78.0,115245900
2025-10-03,TLKM,3110.0,3130.0,3050.0,3070.0,59116700
2025-10-06,ALII,545.0,550.0,530.0,540.0,1431900
2025-10-06,BBRI,3700.0,3740.0,3640.0,3660.0,190283900
2025-10-06,BRPT,3870.0,4100.0,3820.0,4000.0,200885000
2025-10-06,CUAN,1610.0,1780.0,1605.0,1780.0,584895800
2025-10-06,MPPA,78.0,87.0,75.0,81.0,329384400
2025-10-06,TLKM,3080.0,3090.0,2960.0,3010.0,59707600
2025-10-07,ALII,540.0,545.0,535.0,535.0,2485700
2025-10-07,BBRI,3690.0,3720.0,3670.0,3710.0,155933000
2025-10-07,BRPT,4000.0,4170.0,3960.0,4140.0,236926700
2025-10-07,CUAN,1815.0,2220.0,1815.0,2220.0,1130135300
2025-10-07,MPPA,83.0,86.0,78.0,79.0,318734700
2025-10-07,TLKM,3030.0,3050.0,3000.0,3010.0,30353000
2025-10-08,ALII,545.0,555.0,540.0,545.0,2195200
2025-10-08,BBRI,3730.0,3740.0,3670.0,3720.0,148263700
2025-10-08,BRPT,4200.0,4230.0,3970.0,4110.0,139525800
2025-10-08,CUAN,2240.0,2400.0,2000.0,2240.0,729186600
2025-10-08,MPPA,79.0,79.0,76.0,78.0,120714100
2025-10-08,TLKM,3030.0,3040.0,2940.0,2990.0,66090700
2025-10-09,ALII,545.0,555.0,540.0,555.0,2447200
2025-10-09,BBRI,3690.0,3930.0,3640.0,3860.0,479239500
2025-10-09,BRPT,4150.0,4240.0,4060.0,4120.0,134859300
2025-10-09,CUAN,2250.0,2430.0,2100.0,2230.0,398889800
2025-10-09,MPPA,78.0,80.0,72.0,74.0,95419100
2025-10-09,TLKM,2950.0,3020.0,2950.0,3010.0,54769300
2025-10-10,ALII,550.0,550.0,545.0,545.0,1656800
2025-10-10,BBRI,3790.0,3790.0,3690.0,3730.0,277252300
2025-10-10,BRPT,4180.0,4320.0,4180.0,4280.0,147932300
2025-10-10,CUAN,2290.0,2500.0,2270.0,2430.0,440645500
2025-10-10,MPPA,74.0,79.0,74.0,76.0,52835400
2025-10-10,TLKM,3030.0,3080.0,3000.0,3040.0,62254500
2025-10-13,ALII,540.0,575.0,540.0,545.0,2555100
2025-10-13,BBRI,3680.0,3710.0,3660.0,3660.0,181694400
2025-10-13,BRPT,4240.0,4530.0,4180.0,4210.0,231837800
2025-10-13,CUAN,2380.0,2890.0,2360.0,2770.0,575603100
2025-10-13,MPPA,74.0,78.0,73.0,73.0,111280800
2025-10-13,TLKM,3020.0,3070.0,2980.0,3020.0,46978500
2025-10-14,ALII,570.0,570.0,545.0,545.0,1511800
2025-10-14,BBRI,3640.0,3690.0,3550.0,3550.0,278639100
2025-10-14,BRPT,4220.0,4230.0,3680.0,3940.0,247352000
2025-10-14,CUAN,2820.0,2830.0,2360.0,2410.0,650898000
2025-10-14,MPPA,73.0,76.0,69.0,70.0,145418600
2025-10-14,TLKM,3050.0,3070.0,2960.0,2960.0,38518800
2025-10-15,ALII,555.0,565.0,545.0,555.0,2127200
2025-10-15,BBRI,3570.0,3590.0,3450.0,3500.0,468733500
2025-10-15,BRPT,3940.0,4020.0,3710.0,3890.0,197241000
2025-10-15,CUAN,2410.0,2500.0,2240.0,2480.0,320074100
2025-10-15,MPPA,70.0,71.0,66.0,67.0,71530200
2025-10-15,TLKM,3000.0,3090.0,2950.0,3080.0,67503700
2025-10-16,ALII,545.0,565.0,540.0,555.0,752400
2025-10-16,BBRI,3500.0,3580.0,3480.0,3530.0,227629500
2025-10-16,BRPT,3930.0,4070.0,3900.0,3930.0,103909800
2025-10-16,CUAN,2500.0,2560.0,2380.0,2380.0,179989700
2025-10-16,MPPA,68.0,71.0,67.0,69.0,71622200
2025-10-16,TLKM,2970.0,3020.0,2900.0,2950.0,103687000
2025-10-17,ALII,560.0,590.0,540.0,575.0,29577600
2025-10-17,BBRI,3530.0,3570.0,3490.0,3500.0,244442400
2025-10-17,BRPT,3900.0,3930.0,3510.0,3650.0,181325500
2025-10-17,CUAN,2390.0,2400.0,2100.0,2150.0,289808000
2025-10-17,MPPA,69.0,69.0,60.0,60.0,128732400
2025-10-17,TLKM,2950.0,2960.0,2850.0,2880.0,82482200
2025-10-20,ALII,575.0,600.0,550.0,560.0,3182400
2025-10-20,BBRI,3550.0,3730.0,3540.0,3680.0,391510300
2025-10-20,BRPT,3800.0,3930.0,3620.0,3770.0,142788300
2025-10-20,CUAN,2180.0,2370.0,2090.0,2310.0,219683500
2025-10-20,MPPA,61.0,65.0,61.0,63.0,57566700
2025-10-20,TLKM,2930.0,2970.0,2900.0,2940.0,96029300
2025-10-21,ALII,580.0,590.0,550.0,570.0,3189400
2025-10-21,BBRI,3780.0,3790.0,3710.0,3760.0,293000200
2025-10-21,BRPT,3760.0,3860.0,3750.0,3790.0,70087600
2025-10-21,CUAN,2300.0,2420.0,2250.0,2270.0,184007800
2025-10-21,MPPA,63.0,66.0,62.0,64.0,39289300
2025-10-21,TLKM,2970.0,3290.0,2970.0,3280.0,223104600
2025-10-22,ALII,575.0,595.0,555.0,570.0,3964900
2025-10-22,BBRI,3790.0,3820.0,3680.0,3700.0,329470700
2025-10-22,BRPT,3800.0,3840.0,3680.0,3750.0,69891200
2025-10-22,CUAN,2270.0,2310.0,2170.0,2240.0,94311900
2025-10-22,MPPA,64.0,66.0,63.0,65.0,28324500
2025-10-22,TLKM,3220.0,3220.0,3120.0,3150.0,128796800
2025-10-23,ALII,570.0,585.0,565.0,575.0,592800
2025-10-23,BBRI,3720.0,3820.0,3700.0,3820.0,225902700
2025-10-23,BRPT,3790.0,3860.0,3740.0,3740.0,69279900
2025-10-23,CUAN,2260.0,2300.0,2190.0,2200.0,65830700
2025-10-23,MPPA,65.0,66.0,64.0,66.0,23102300
2025-10-23,TLKM,3180.0,3400.0,3170.0,3360.0,218967200
2025-10-24,ALII,560.0,565.0,555.0,560.0,1323400
2025-10-24,BBRI,3820.0,3910.0,3820.0,3850.0,313903600
2025-10-24,BRPT,3760.0,3840.0,3600.0,3640.0,97685000
2025-10-24,CUAN,2200.0,2280.0,2160.0,2190.0,52938400
2025-10-24,MPPA,67.0,69.0,64.0,64.0,72197600
2025-10-24,TLKM,3370.0,3440.0,3290.0,3290.0,115104000
2025-10-27,ALII,565.0,565.0,540.0,540.0,2825400
2025-10-27,BBRI,3880.0,3930.0,3750.0,3860.0,332539600
2025-10-27,BRPT,3650.0,3680.0,3120.0,3300.0,370527600
2025-10-27,CUAN,2190.0,2230.0,1870.0,2030.0,309639300
2025-10-27,MPPA,64.0,65.0,60.0,63.0,43451100
2025-10-27,TLKM,3320.0,3360.0,3280.0,3330.0,105683900
2025-10-28,ALII,540.0,560.0,540.0,555.0,947300
2025-10-28,BBRI,3850.0,3860.0,3780.0,3850.0,239026800
2025-10-28,BRPT,3330.0,3450.0,3150.0,3420.0,153376900
2025-10-28,CUAN,2050.0,2070.0,1910.0,2000.0,94497700
2025-10-28,MPPA,63.0,65.0,62.0,62.0,30330100
2025-10-28,TLKM,3330.0,3480.0,3270.0,3400.0,143082100
2025-10-29,ALII,600.0,600.0,555.0,575.0,5919800
2025-10-29,BBRI,3830.0,3890.0,3790.0,3890.0,215008600
2025-10-29,BRPT,3430.0,3570.0,3360.0,3560.0,96277800
2025-10-29,CUAN,2010.0,2060.0,1965.0,2010.0,80839500
2025-10-29,MPPA,63.0,65.0,62.0,65.0,18340300
2025-10-29,TLKM,3390.0,3390.0,3270.0,3290.0,93073800
2025-10-30,ALII,585.0,585.0,560.0,560.0,864100
2025-10-30,BBRI,3900.0,3990.0,3870.0,3910.0,287905300
2025-10-30,BRPT,3560.0,3570.0,3450.0,3540.0,72750400
2025-10-30,CUAN,2010.0,2030.0,1965.0,2000.0,52525200
2025-10-30,MPPA,65.0,67.0,63.0,63.0,42212000
2025-10-30,TLKM,3290.0,3310.0,3200.0,3250.0,83523100
2025-10-31,ALII,565.0,580.0,550.0,555.0,473200
2025-10-31,BBRI,3930.0,4020.0,3920.0,3980.0,348755700
2025-10-31,BRPT,3550.0,3570.0,3450.0,3450.0,61590500
2025-10-31,CUAN,2010.0,2070.0,1980.0,2010.0,70827100
2025-10-31,MPPA,63.0,64.0,61.0,62.0,32137400
2025-10-31,TLKM,3200.0,3250.0,3150.0,3210.0,126790400
2025-11-03,ALII,565.0,570.0,540.0,545.0,26532100
2025-11-03,BBRI,4050.0,4050.0,4010.0,4040.0,163770500
2025-11-03,BRPT,3450.0,3740.0,3450.0,3670.0,199701300
2025-11-03,CUAN,1995.0,2120.0,1990.0,2090.0,139239600
2025-11-03,MPPA,63.0,63.0,61.0,63.0,24958900
2025-11-03,TLKM,3210.0,3380.0,3210.0,3350.0,107151300
2025-11-04,ALII,550.0,565.0,550.0,555.0,10990600
2025-11-04,BBRI,4030.0,4050.0,3970.0,3970.0,241154700
2025-11-04,BRPT,3670.0,3730.0,3500.0,3500.0,166746500
2025-11-04,CUAN,2100.0,2160.0,2000.0,2050.0,142416900
2025-11-04,MPPA,63.0,63.0,61.0,61.0,26179200
2025-11-04,TLKM,3360.0,3590.0,3360.0,3500.0,227450800
2025-11-05,ALII,565.0,565.0,545.0,565.0,12696100
2025-11-05,BBRI,3940.0,3990.0,3910.0,3980.0,139859100
2025-11-05,BRPT,3450.0,3580.0,3440.0,3560.0,72579300
2025-11-05,CUAN,2000.0,2090.0,1985.0,2080.0,65119400
2025-11-05,MPPA,61.0,62.0,60.0,60.0,29625000
2025-11-05,TLKM,3600.0,3630.0,3510.0,3540.0,182624300
2025-11-06,ALII,560.0,585.0,550.0,570.0,2083600
2025-11-06,BBRI,3980.0,4010.0,3950.0,4000.0,130808100
2025-11-06,BRPT,3640.0,3650.0,3540.0,3570.0,74999000
2025-11-06,CUAN,2130.0,2160.0,2080.0,2120.0,100801500
2025-11-06,MPPA,61.0,62.0,60.0,60.0,59377700
2025-11-06,TLKM,3540.0,3550.0,3470.0,3480.0,71766000
2025-11-07,ALII,570.0,625.0,555.0,600.0,6538100
2025-11-07,BBRI,4000.0,4010.0,3980.0,3980.0,87287600
2025-11-07,BRPT,3590.0,3670.0,3560.0,3590.0,97233900
2025-11-07,CUAN,2150.0,2300.0,2140.0,2290.0,233503600
2025-11-07,MPPA,60.0,61.0,59.0,59.0,27312000
2025-11-07,TLKM,3460.0,3490.0,3420.0,3470.0,58917900
2025-11-10,ALII,600.0,650.0,580.0,650.0,4259800
2025-11-10,BBRI,4010.0,4020.0,3930.0,3930.0,148552900
2025-11-10,BRPT,3590.0,3640.0,3550.0,3590.0,97681600
2025-11-10,CUAN,2350.0,2350.0,2250.0,2280.0,182257700
2025-11-10,MPPA,59.0,62.0,58.0,62.0,56288600
2025-11-10,TLKM,3490.0,3550.0,3440.0,3440.0,88941900
2025-11-11,ALII,650.0,770.0,625.0,700.0,32974000
2025-11-11,BBRI,3940.0,3960.0,3860.0,3890.0,179000200
2025-11-11,BRPT,3590.0,3600.0,3500.0,3530.0,58774500
2025-11-11,CUAN,2280.0,2290.0,2180.0,2200.0,110626300
2025-11-11,MPPA,62.0,66.0,61.0,63.0,118236700
2025-11-11,TLKM,3500.0,3530.0,3470.0,3520.0,63130300
2025-11-12,ALII,705.0,705.0,670.0,685.0,7465900
2025-11-12,BBRI,3890.0,3950.0,3890.0,3900.0,111115400
2025-11-12,BRPT,3540.0,3850.0,3510.0,3780.0,294998400
2025-11-12,CUAN,2200.0,2250.0,2160.0,2190.0,70221800
2025-11-12,MPPA,65.0,68.0,63.0,66.0,479030600
2025-11-12,TLKM,3540.0,3590.0,3510.0,3560.0,61339600
2025-11-13,ALII,685.0,705.0,675.0,695.0,7546500
2025-11-13,BBRI,3900.0,3910.0,3870.0,3870.0,99373200
2025-11-13,BRPT,3830.0,3880.0,3710.0,3720.0,196838200
2025-11-13,CUAN,2220.0,2240.0,2170.0,2180.0,49507900
2025-11-13,MPPA,66.0,66.0,63.0,63.0,117566800
2025-11-13,TLKM,3570.0,3570.0,3480.0,3500.0,57467900
2025-11-14,ALII,695.0,700.0,655.0,660.0,5496300
2025-11-14,BBRI,3860.0,3930.0,3860.0,3900.0,100717300
2025-11-14,BRPT,3710.0,3880.0,3710.0,3780.0,120503100
2025-11-14,CUAN,2180.0,2220.0,2150.0,2150.0,38337800
2025-11-14,MPPA,64.0,65.0,62.0,62.0,51229600
2025-11-14,TLKM,3530.0,3560.0,3510.0,3550.0,55079600
2025-11-17,ALII,660.0,695.0,605.0,625.0,3844900
2025-11-17,BBRI,3880.0,3950.0,3880.0,3940.0,140868100
2025-11-17,BRPT,3800.0,3860.0,3750.0,3770.0,88662000
2025-11-17,CUAN,2150.0,2270.0,2140.0,2200.0,90469300
2025-11-17,MPPA,62.0,67.0,61.0,63.0,144469300
2025-11-17,TLKM,3570.0,3630.0,3560.0,3610.0,76833800
2025-11-18,ALII,625.0,630.0,585.0,620.0,4509800
2025-11-18,BBRI,3950.0,3990.0,3930.0,3970.0,205257700
2025-11-18,BRPT,3770.0,3780.0,3510.0,3580.0,155065500
2025-11-18,CUAN,2200.0,2220.0,2080.0,2100.0,72952600
2025-11-18,MPPA,63.0,64.0,61.0,62.0,51995300
2025-11-18,TLKM,3610.0,3630.0,3540.0,3620.0,97747000
2025-11-19,ALII,615.0,620.0,590.0,605.0,2132500
2025-11-19,BBRI,3990.0,4000.0,3970.0,4000.0,107451000
2025-11-19,BRPT,3580.0,3610.0,3500.0,3500.0,76949500
2025-11-19,CUAN,2100.0,2160.0,2050.0,2160.0,52180200
2025-11-19,MPPA,62.0,63.0,61.0,61.0,25470400
2025-11-19,TLKM,3620.0,3690.0,3620.0,3650.0,109911100
2025-11-20,ALII,605.0,650.0,600.0,630.0,2052100
2025-11-20,BBRI,4020.0,4050.0,3990.0,3990.0,183008400
2025-11-20,BRPT,3530.0,3580.0,3470.0,3470.0,55203300
2025-11-20,CUAN,2200.0,2320.0,2180.0,2230.0,186043200
2025-11-20,MPPA,61.0,62.0,60.0,60.0,24234100
2025-11-20,TLKM,3650.0,3660.0,3620.0,3640.0,52200700
2025-11-21,ALII,630.0,630.0,600.0,600.0,1909900
2025-11-21,BBRI,3980.0,4000.0,3940.0,3960.0,112666100
2025-11-21,BRPT,3450.0,3500.0,3410.0,3490.0,61228900
2025-11-21,CUAN,2230.0,2300.0,2190.0,2260.0,86158700
2025-11-21,MPPA,60.0,61.0,60.0,60.0,19278700
2025-11-21,TLKM,3590.0,3610.0,3460.0,3500.0,93181600
2025-11-24,ALII,600.0,620.0,590.0,600.0,1140700
2025-11-24,BBRI,4000.0,4000.0,3940.0,3980.0,262302000
2025-11-24,BRPT,3510.0,3540.0,3460.0,3500.0,140999100
2025-11-24,CUAN,2310.0,2430.0,2300.0,2380.0,296130000
2025-11-24,MPPA,61.0,66.0,60.0,62.0,380908400
2025-11-24,TLKM,3560.0,3700.0,3540.0,3700.0,241304000
2025-11-25,ALII,600.0,650.0,590.0,605.0,2522500
2025-11-25,BBRI,3980.0,3980.0,3830.0,3830.0,396959100
2025-11-25,BRPT,3540.0,3540.0,3380.0,3430.0,118096700
2025-11-25,CUAN,2400.0,2410.0,2260.0,2350.0,155865800
2025-11-25,MPPA,62.0,63.0,61.0,62.0,46318000
2025-11-25,TLKM,3690.0,3690.0,3560.0,3650.0,84816600
2025-11-26,ALII,630.0,630.0,605.0,630.0,3775000
2025-11-26,BBRI,3800.0,3830.0,3780.0,3790.0,288419400
2025-11-26,BRPT,3430.0,3560.0,3350.0,3510.0,141644200
2025-11-26,CUAN,2380.0,2410.0,2330.0,2390.0,100284100
2025-11-26,MPPA,62.0,65.0,61.0,62.0,240984600
2025-11-26,TLKM,3600.0,3720.0,3600.0,3720.0,111114600
2025-11-27,ALII,635.0,660.0,600.0,605.0,2928400
2025-11-27,BBRI,3800.0,3810.0,3720.0,3740.0,283451800
2025-11-27,BRPT,3540.0,3690.0,3530.0,3600.0,178728200
2025-11-27,CUAN,2420.0,2730.0,2420.0,2580.0,422281200
2025-11-27,MPPA,62.0,63.0,61.0,61.0,32428300
2025-11-27,TLKM,3700.0,3700.0,3560.0,3570.0,48436500
2025-11-28,ALII,620.0,620.0,580.0,595.0,4284100
2025-11-28,BBRI,3710.0,3750.0,3680.0,3680.0,353872800
2025-11-28,BRPT,3620.0,3630.0,3530.0,3580.0,64254900
2025-11-28,CUAN,2590.0,2710.0,2520.0,2680.0,300397000
2025-11-28,MPPA,62.0,65.0,61.0,62.0,147808500
2025-11-28,TLKM,3600.0,3630.0,3500.0,3510.0,70943000
2025-12-01,ALII,610.0,615.0,595.0,610.0,1995700
2025-12-01,BBRI,3680.0,3730.0,3660.0,3670.0,299669500
2025-12-01,BRPT,3580.0,3590.0,3460.0,3470.0,78951200
2025-12-01,CUAN,2710.0,2730.0,2580.0,2670.0,134644000
2025-12-01,MPPA,63.0,65.0,61.0,62.0,202983200
2025-12-01,TLKM,3530.0,3650.0,3520.0,3650.0,89045500
2025-12-02,ALII,610.0,650.0,605.0,630.0,6582100
2025-12-02,BBRI,3690.0,3730.0,3670.0,3710.0,277714300
2025-12-02,BRPT,3470.0,3580.0,3470.0,3500.0,76271500
2025-12-02,CUAN,2670.0,2790.0,2650.0,2740.0,193064500
2025-12-02,MPPA,62.0,64.0,61.0,62.0,71278600
2025-12-02,TLKM,3660.0,3670.0,3560.0,3560.0,62155900
2025-12-03,ALII,630.0,635.0,600.0,610.0,3088000
2025-12-03,BBRI,3690.0,3700.0,3660.0,3660.0,225357100
2025-12-03,BRPT,3530.0,3540.0,3470.0,3490.0,63285400
2025-12-03,CUAN,2750.0,2780.0,2630.0,2640.0,102066600
2025-12-03,MPPA,63.0,65.0,62.0,63.0,114787500
2025-12-03,TLKM,3590.0,3650.0,3580.0,3580.0,60429900
2025-12-04,ALII,605.0,620.0,600.0,620.0,1913400
2025-12-04,BBRI,3660.0,3690.0,3650.0,3690.0,221121100
2025-12-04,BRPT,3500.0,3530.0,3470.0,3500.0,52000400
2025-12-04,CUAN,2640.0,2760.0,2580.0,2690.0,122068800
2025-12-04,MPPA,64.0,68.0,63.0,66.0,265675100
2025-12-04,TLKM,3660.0,3660.0,3580.0,3630.0,38947500
2025-12-05,ALII,610.0,630.0,605.0,615.0,2455500
2025-12-05,BBRI,3700.0,3700.0,3650.0,3650.0,156161100
2025-12-05,BRPT,3520.0,3570.0,3470.0,3500.0,46752300
2025-12-05,CUAN,2750.0,2870.0,2690.0,2690.0,262054600
2025-12-05,MPPA,67.0,67.0,63.0,64.0,67648300
2025-12-05,TLKM,3630.0,3700.0,3610.0,3700.0,50641400
2025-12-08,ALII,630.0,695.0,610.0,685.0,10396900
2025-12-08,BBRI,3680.0,3690.0,3660.0,3670.0,124094700
2025-12-08,BRPT,3500.0,3510.0,3390.0,3400.0,101462900
2025-12-08,CUAN,2710.0,2750.0,2630.0,2650.0,95274000
2025-12-08,MPPA,64.0,66.0,64.0,65.0,47260900
2025-12-08,TLKM,3700.0,3700.0,3600.0,3630.0,64911000
2025-12-09,ALII,690.0,710.0,660.0,695.0,9300000
2025-12-09,BBRI,3700.0,3700.0,3650.0,3680.0,201089800
2025-12-09,BRPT,3410.0,3500.0,3380.0,3500.0,118520700
2025-12-09,CUAN,2680.0,2690.0,2550.0,2610.0,102212000
2025-12-09,MPPA,66.0,66.0,64.0,64.0,38898100
2025-12-09,TLKM,3650.0,3650.0,3520.0,3570.0,94381800
2025-12-10,ALII,695.0,790.0,695.0,730.0,44968100
2025-12-10,BBRI,3680.0,3680.0,3650.0,3660.0,172677700
2025-12-10,BRPT,3550.0,3830.0,3460.0,3720.0,419284100
2025-12-10,CUAN,2610.0,2640.0,2510.0,2540.0,96534800
2025-12-10,MPPA,64.0,65.0,62.0,63.0,44599100
2025-12-10,TLKM,3620.0,3700.0,3590.0,3640.0,68644900
2025-12-11,ALII,730.0,745.0,710.0,720.0,16750500
2025-12-11,BBRI,3680.0,3700.0,3580.0,3620.0,327591200
2025-12-11,BRPT,3810.0,3820.0,3600.0,3640.0,166435800
2025-12-11,CUAN,2550.0,2620.0,2510.0,2530.0,100696800
2025-12-11,MPPA,64.0,64.0,62.0,62.0,47179900
2025-12-11,TLKM,3670.0,3690.0,3500.0,3570.0,84823100
2025-12-12,ALII,720.0,795.0,720.0,780.0,20154900
2025-12-12,BBRI,3640.0,3640.0,3580.0,3630.0,169747600
2025-12-12,BRPT,3680.0,3750.0,3610.0,3710.0,112869000
2025-12-12,CUAN,2540.0,2590.0,2490.0,2530.0,62127300
2025-12-12,MPPA,62.0,63.0,61.0,61.0,22230600
2025-12-12,TLKM,3630.0,3630.0,3500.0,3550.0,67076200
2025-12-15,ALII,780.0,870.0,730.0,870.0,23113000
2025-12-15,BBRI,3650.0,3810.0,3630.0,3780.0,312694100
2025-12-15,BRPT,3710.0,3940.0,3540.0,3600.0,355384400
2025-12-15,CUAN,2570.0,2590.0,2320.0,2350.0,147806800
2025-12-15,MPPA,62.0,64.0,61.0,62.0,93731500
2025-12-15,TLKM,3550.0,3560.0,3460.0,3470.0,121707400
2025-12-16,ALII,925.0,1085.0,920.0,1085.0,37865800
2025-12-16,BBRI,3800.0,3810.0,3680.0,3690.0,237949900
2025-12-16,BRPT,3620.0,3640.0,3550.0,3640.0,59925800
2025-12-16,CUAN,2350.0,2450.0,2300.0,2420.0,104751000
2025-12-16,MPPA,62.0,62.0,61.0,61.0,37183100
2025-12-16,TLKM,3490.0,3550.0,3470.0,3520.0,120576700
2025-12-17,ALII,1040.0,1180.0,1020.0,1165.0,25143600
2025-12-17,BBRI,3690.0,3780.0,3680.0,3750.0,273544100
2025-12-17,BRPT,3640.0,3650.0,3510.0,3510.0,74493500
2025-12-17,CUAN,2440.0,2450.0,2320.0,2330.0,70296400
2025-12-17,MPPA,61.0,62.0,60.0,61.0,26467400
2025-12-17,TLKM,3540.0,3590.0,3490.0,3500.0,118452300
2025-12-18,ALII,1165.0,1165.0,1165.0,1165.0,0
2025-12-18,BBRI,3750.0,3820.0,3750.0,3780.0,262527300
2025-12-18,BRPT,3510.0,3540.0,3450.0,3450.0,52359700
2025-12-18,CUAN,2330.0,2350.0,2210.0,2230.0,80670600
2025-12-18,MPPA,61.0,62.0,60.0,61.0,21483600
2025-12-18,TLKM,3540.0,3580.0,3460.0,3460.0,111042200
2025-12-19,ALII,1200.0,1250.0,1080.0,1190.0,16354000
2025-12-19,BBRI,3800.0,3810.0,3760.0,3770.0,228583500
2025-12-19,BRPT,3460.0,3540.0,3400.0,3510.0,88942300
2025-12-19,CUAN,2240.0,2310.0,2220.0,2240.0,72822600
2025-12-19,MPPA,61.0,62.0,60.0,60.0,19029600
2025-12-19,TLKM,3520.0,3520.0,3390.0,3410.0,236770700
2025-12-22,ALII,1190.0,1240.0,1120.0,1170.0,7433700
2025-12-22,BBRI,3770.0,3780.0,3750.0,3760.0,161680300
2025-12-22,BRPT,3490.0,3520.0,3430.0,3440.0,42852500
2025-12-22,CUAN,2260.0,2280.0,2220.0,2250.0,33301100
2025-12-22,MPPA,61.0,61.0,59.0,59.0,37438800
2025-12-22,TLKM,3440.0,3490.0,3420.0,3470.0,113720300
2025-12-23,ALII,1195.0,1205.0,1130.0,1150.0,5078600
2025-12-23,BBRI,3760.0,3780.0,3730.0,3770.0,138427000
2025-12-23,BRPT,3450.0,3460.0,3280.0,3280.0,75260100
2025-12-23,CUAN,2260.0,2280.0,2210.0,2260.0,42935400
2025-12-23,MPPA,59.0,60.0,59.0,59.0,24551600
2025-12-23,TLKM,3470.0,3470.0,3420.0,3470.0,39083700
2025-12-24,ALII,1190.0,1395.0,1050.0,1285.0,19466200
2025-12-24,BBRI,3770.0,3790.0,3750.0,3770.0,121073600
2025-12-24,BRPT,3310.0,3320.0,3120.0,3130.0,88357400
2025-12-24,CUAN,2270.0,2310.0,2170.0,2220.0,73118600
2025-12-24,MPPA,59.0,60.0,58.0,58.0,24099500
2025-12-24,TLKM,3480.0,3500.0,3440.0,3460.0,30919800
2025-12-29,ALII,1305.0,1470.0,1225.0,1290.0,19204600
2025-12-29,BBRI,3780.0,3790.0,3760.0,3780.0,238061500
2025-12-29,BRPT,3160.0,3320.0,3150.0,3280.0,55989100
2025-12-29,CUAN,2280.0,2450.0,2280.0,2380.0,94860100
2025-12-29,MPPA,58.0,60.0,58.0,59.0,23748900
2025-12-29,TLKM,3480.0,3530.0,3460.0,3490.0,53079900
2025-12-30,ALII,1315.0,1315.0,1230.0,1250.0,5288000
2025-12-30,BBRI,3690.0,3690.0,3650.0,3660.0,274402200
2025-12-30,BRPT,3290.0,3440.0,3230.0,3270.0,78234300
2025-12-30,CUAN,2390.0,2400.0,2290.0,2340.0,77438200
2025-12-30,MPPA,59.0,61.0,59.0,59.0,38085500
2025-12-30,TLKM,3490.0,3510.0,3480.0,3480.0,48019100
2026-01-02,ALII,1255.0,1345.0,1230.0,1310.0,5555000
2026-01-02,BBRI,3660.0,3670.0,3620.0,3640.0,191985100
2026-01-02,BRPT,3300.0,3310.0,3180.0,3190.0,84250300
2026-01-02,CUAN,2340.0,2370.0,2280.0,2290.0,57293900
2026-01-02,MPPA,59.0,62.0,59.0,61.0,71340200
2026-01-02,TLKM,3510.0,3510.0,3450.0,3470.0,34812500
2026-01-05,ALII,1310.0,1310.0,1310.0,1310.0,0
2026-01-05,BBRI,3630.0,3660.0,3590.0,3630.0,230544800
2026-01-05,BRPT,3190.0,3240.0,3160.0,3190.0,67372100
2026-01-05,CUAN,2300.0,2310.0,2220.0,2240.0,52380200
2026-01-05,MPPA,62.0,63.0,60.0,62.0,42769700
2026-01-05,TLKM,3490.0,3590.0,3480.0,3580.0,77224000
2026-01-06,ALII,1310.0,1310.0,1310.0,1310.0,0
2026-01-06,BBRI,3630.0,3690.0,3630.0,3680.0,175820800
2026-01-06,BRPT,3200.0,3220.0,3130.0,3150.0,88790700
2026-01-06,CUAN,2240.0,2250.0,2170.0,2200.0,58130500
2026-01-06,MPPA,62.0,63.0,61.0,63.0,52533700
2026-01-06,TLKM,3600.0,3600.0,3490.0,3520.0,77477100
2026-01-07,ALII,1310.0,1310.0,1310.0,1310.0,0
2026-01-07,BBRI,3680.0,3710.0,3660.0,3700.0,195024700
2026-01-07,BRPT,3160.0,3180.0,3010.0,3050.0,136811700
2026-01-07,CUAN,2200.0,2210.0,2070.0,2080.0,104848100
2026-01-07,MPPA,63.0,63.0,61.0,62.0,29167100
2026-01-07,TLKM,3540.0,3550.0,3500.0,3540.0,60466200
2026-01-08,ALII,1310.0,1310.0,1310.0,1310.0,0
2026-01-08,BBRI,3710.0,3760.0,3700.0,3710.0,182019700
2026-01-08,BRPT,2990.0,3250.0,2970.0,3090.0,123550300
2026-01-08,CUAN,1995.0,2210.0,1990.0,2050.0,112610600
2026-01-08,MPPA,62.0,64.0,61.0,62.0,62753100
2026-01-08,TLKM,3540.0,3580.0,3520.0,3530.0,61219400
2026-01-09,ALII,1310.0,1310.0,1310.0,1310.0,0
2026-01-09,BBRI,3730.0,3740.0,3670.0,3680.0,143474700
2026-01-09,BRPT,3160.0,3180.0,3050.0,3100.0,65776300
2026-01-09,CUAN,2070.0,2080.0,2000.0,2010.0,55269500
2026-01-09,MPPA,63.0,64.0,61.0,63.0,81413900
2026-01-09,TLKM,3550.0,3560.0,3450.0,3450.0,82708700
2026-01-12,ALII,1310.0,1310.0,1310.0,1310.0,0
2026-01-12,BBRI,3680.0,3740.0,3660.0,3700.0,215159700
2026-01-12,BRPT,3120.0,3140.0,2790.0,2880.0,145931800
2026-01-12,CUAN,2050.0,2070.0,1825.0,1915.0,124426400
2026-01-12,MPPA,63.0,64.0,61.0,62.0,89184200
2026-01-12,TLKM,3470.0,3530.0,3460.0,3520.0,89165400
2026-01-13,ALII,1440.0,1440.0,1180.0,1180.0,16266400
2026-01-13,BBRI,3700.0,3730.0,3670.0,3720.0,227620800
2026-01-13,BRPT,2920.0,2920.0,2700.0,2810.0,151446100
2026-01-13,CUAN,1920.0,1945.0,1855.0,1930.0,77576700
2026-01-13,MPPA,62.0,65.0,61.0,62.0,171868000
2026-01-13,TLKM,3600.0,3660.0,3550.0,3620.0,129812000
2026-01-14,ALII,1150.0,1150.0,1065.0,1065.0,10928800
2026-01-14,BBRI,3740.0,3750.0,3700.0,3720.0,170097000
2026-01-14,BRPT,2850.0,2900.0,2790.0,2830.0,73817500
2026-01-14,CUAN,2000.0,2000.0,1890.0,1910.0,75359800
2026-01-14,MPPA,62.0,63.0,61.0,62.0,48368000
2026-01-14,TLKM,3690.0,3700.0,3610.0,3650.0,98179400
2026-01-15,ALII,1100.0,1100.0,980.0,980.0,10984500
2026-01-15,BBRI,3730.0,3850.0,3730.0,3820.0,407151300
2026-01-15,BRPT,2840.0,2890.0,2750.0,2830.0,82956100
2026-01-15,CUAN,1915.0,1915.0,1830.0,1850.0,81694900
2026-01-15,MPPA,62.0,63.0,61.0,62.0,18672700
2026-01-15,TLKM,3650.0,3680.0,3610.0,3660.0,83981800
2026-01-19,ALII,1020.0,1075.0,1020.0,1075.0,11813000
2026-01-19,BBRI,3850.0,3900.0,3810.0,3840.0,359652500
2026-01-19,BRPT,2830.0,3030.0,2780.0,2950.0,151574500
2026-01-19,CUAN,1900.0,2070.0,1850.0,2020.0,177310900
2026-01-19,MPPA,62.0,62.0,60.0,62.0,43733000
2026-01-19,TLKM,3590.0,3630.0,3490.0,3620.0,147127900
2026-01-20,ALII,1070.0,1070.0,1010.0,1010.0,4336900
2026-01-20,BBRI,3840.0,3880.0,3820.0,3850.0,170245800
2026-01-20,BRPT,3000.0,3060.0,2880.0,2900.0,152341300
2026-01-20,CUAN,2010.0,2090.0,1955.0,1970.0,115113600
2026-01-20,MPPA,62.0,62.0,60.0,61.0,27444800
2026-01-20,TLKM,3550.0,3680.0,3550.0,3600.0,89987800
2026-01-21,ALII,1000.0,1000.0,910.0,910.0,5816700
2026-01-21,BBRI,3850.0,3850.0,3800.0,3820.0,273678200
2026-01-21,BRPT,2850.0,2930.0,2820.0,2860.0,65189000
2026-01-21,CUAN,1960.0,1965.0,1885.0,1895.0,76914500
2026-01-21,MPPA,60.0,61.0,58.0,58.0,118945400
2026-01-21,TLKM,3670.0,3700.0,3570.0,3600.0,104120400
2026-01-22,ALII,880.0,950.0,880.0,905.0,4980800
2026-01-22,BBRI,3850.0,3850.0,3790.0,3810.0,153742700
2026-01-22,BRPT,2900.0,3020.0,2750.0,2750.0,152078100
2026-01-22,CUAN,1910.0,1920.0,1805.0,1815.0,106463600
2026-01-22,MPPA,59.0,72.0,58.0,68.0,1653756500
2026-01-22,TLKM,3670.0,3790.0,3660.0,3740.0,149259700
2026-01-23,ALII,940.0,945.0,800.0,880.0,10091400
2026-01-23,BBRI,3810.0,3850.0,3760.0,3850.0,164603900
2026-01-23,BRPT,2750.0,2760.0,2470.0,2590.0,180776300
2026-01-23,CUAN,1800.0,1805.0,1650.0,1735.0,110772900
2026-01-23,MPPA,66.0,70.0,61.0,61.0,611951000
2026-01-23,TLKM,3790.0,3800.0,3730.0,3770.0,109079700
2026-01-26,ALII,890.0,975.0,815.0,820.0,19739300
2026-01-26,BBRI,3840.0,3850.0,3800.0,3850.0,120002700
2026-01-26,BRPT,2600.0,2670.0,2520.0,2580.0,78433600
2026-01-26,CUAN,1735.0,1755.0,1640.0,1710.0,81516000
2026-01-26,MPPA,62.0,68.0,61.0,63.0,452326500
2026-01-26,TLKM,3780.0,3850.0,3750.0,3850.0,91258600
2026-01-27,ALII,820.0,960.0,805.0,920.0,16760600
2026-01-27,BBRI,3850.0,3850.0,3780.0,3820.0,157633200
2026-01-27,BRPT,2590.0,2710.0,2580.0,2700.0,82745700
2026-01-27,CUAN,1710.0,1780.0,1675.0,1780.0,68094300
2026-01-27,MPPA,63.0,64.0,54.0,56.0,611055100
2026-01-27,TLKM,3850.0,3990.0,3730.0,3940.0,161704800
2026-01-28,ALII,800.0,840.0,785.0,785.0,21331800
2026-01-28,BBRI,3630.0,3780.0,3540.0,3590.0,726740400
2026-01-28,BRPT,2300.0,2390.0,2300.0,2300.0,181051200
2026-01-28,CUAN,1515.0,1660.0,1515.0,1560.0,181637100
2026-01-28,MPPA,55.0,56.0,50.0,51.0,764861100
2026-01-28,TLKM,3800.0,3800.0,3390.0,3470.0,439277400
2026-01-29,ALII,675.0,820.0,675.0,795.0,25400300
2026-01-29,BBRI,3550.0,3780.0,3290.0,3780.0,781321200
2026-01-29,BRPT,1955.0,2310.0,1955.0,2200.0,787849100
2026-01-29,CUAN,1560.0,1880.0,1330.0,1850.0,610781200
2026-01-29,MPPA,51.0,53.0,50.0,52.0,409061100
2026-01-29,TLKM,3420.0,3500.0,3100.0,3450.0,582049700
2026-01-30,ALII,850.0,865.0,745.0,765.0,10313600
2026-01-30,BBRI,3780.0,3890.0,3740.0,3810.0,532329000
2026-01-30,BRPT,2280.0,2280.0,2070.0,2160.0,156714100
2026-01-30,CUAN,1850.0,1930.0,1685.0,1800.0,274497100
2026-01-30,MPPA,53.0,56.0,52.0,53.0,312360500
2026-01-30,TLKM,3550.0,3740.0,3540.0,3600.0,332372800
2026-02-02,ALII,790.0,790.0,655.0,655.0,7726300
2026-02-02,BBRI,3860.0,3880.0,3750.0,3830.0,334659200
2026-02-02,BRPT,2160.0,2160.0,1840.0,1840.0,137518200
2026-02-02,CUAN,1805.0,1810.0,1530.0,1530.0,195054000
2026-02-02,MPPA,54.0,54.0,50.0,51.0,171019500
2026-02-02,TLKM,3670.0,3700.0,3430.0,3500.0,157041400
2026-02-03,ALII,655.0,785.0,655.0,765.0,7931000
2026-02-03,BBRI,3860.0,3870.0,3760.0,3800.0,201224300
2026-02-03,BRPT,1800.0,2000.0,1720.0,1980.0,145588000
2026-02-03,CUAN,1500.0,1720.0,1470.0,1665.0,196174200
2026-02-03,MPPA,51.0,52.0,50.0,52.0,81805000
2026-02-03,TLKM,3540.0,3550.0,3420.0,3450.0,155611200
2026-02-04,ALII,775.0,785.0,685.0,740.0,6581900
2026-02-04,BBRI,3820.0,3880.0,3800.0,3870.0,251005600
2026-02-04,BRPT,2090.0,2170.0,2030.0,2130.0,134290400
2026-02-04,CUAN,1685.0,1760.0,1670.0,1715.0,94849200
2026-02-04,MPPA,52.0,53.0,51.0,51.0,72805800
2026-02-04,TLKM,3420.0,3440.0,3260.0,3330.0,215692700
2026-02-05,ALII,740.0,790.0,715.0,745.0,4931100
2026-02-05,BBRI,3850.0,3940.0,3840.0,3850.0,342757200
2026-02-05,BRPT,2120.0,2250.0,2080.0,2100.0,131798300
2026-02-05,CUAN,1715.0,1815.0,1700.0,1710.0,106296500
2026-02-05,MPPA,51.0,52.0,50.0,51.0,94476800
2026-02-05,TLKM,3350.0,3360.0,3260.0,3290.0,148908600
2026-02-06,ALII,720.0,725.0,675.0,695.0,4057000
2026-02-06,BBRI,3800.0,3850.0,3770.0,3780.0,279127200
2026-02-06,BRPT,2030.0,2070.0,1900.0,1945.0,112571900
2026-02-06,CUAN,1685.0,1735.0,1605.0,1630.0,84023100
2026-02-06,MPPA,51.0,51.0,50.0,51.0,32315600
2026-02-06,TLKM,3310.0,3390.0,3270.0,3380.0,137552600
2026-02-09,ALII,700.0,720.0,660.0,715.0,2162200
2026-02-09,BBRI,3790.0,3800.0,3710.0,3770.0,215606400
2026-02-09,BRPT,1960.0,2040.0,1920.0,1995.0,54460900
2026-02-09,CUAN,1670.0,1675.0,1615.0,1645.0,41297800
2026-02-09,MPPA,51.0,51.0,50.0,50.0,32910700
2026-02-09,TLKM,3430.0,3430.0,3340.0,3350.0,109053400
2026-02-10,ALII,720.0,755.0,705.0,735.0,2425600
2026-02-10,BBRI,3750.0,3790.0,3730.0,3780.0,181835800
2026-02-10,BRPT,2000.0,2080.0,1985.0,2030.0,54320600
2026-02-10,CUAN,1640.0,1685.0,1620.0,1640.0,57642000
2026-02-10,MPPA,50.0,51.0,50.0,51.0,34868900
2026-02-10,TLKM,3380.0,3430.0,3360.0,3400.0,129254100
2026-02-11,ALII,740.0,880.0,730.0,840.0,10886100
2026-02-11,BBRI,3790.0,3800.0,3740.0,3800.0,147378100
2026-02-11,BRPT,2050.0,2340.0,2040.0,2280.0,247586500
2026-02-11,CUAN,1670.0,1930.0,1670.0,1925.0,346104600
2026-02-11,MPPA,51.0,53.0,50.0,52.0,220230800
2026-02-11,TLKM,3430.0,3530.0,3420.0,3530.0,151785400
2026-02-12,ALII,850.0,870.0,800.0,840.0,6743800
2026-02-12,BBRI,3780.0,3790.0,3760.0,3790.0,185678800
2026-02-12,BRPT,2290.0,2330.0,2160.0,2200.0,119903300
2026-02-12,CUAN,1940.0,1990.0,1810.0,1825.0,241253900
2026-02-12,MPPA,53.0,53.0,51.0,53.0,51097500
2026-02-12,TLKM,3500.0,3560.0,3470.0,3560.0,114656400
2026-02-13,ALII,840.0,950.0,840.0,900.0,14777800
2026-02-13,BBRI,3780.0,3800.0,3750.0,3780.0,144473700
2026-02-13,BRPT,2150.0,2200.0,2120.0,2150.0,78790200
2026-02-13,CUAN,1805.0,1860.0,1755.0,1810.0,106551500
2026-02-13,MPPA,53.0,53.0,51.0,52.0,62360000
2026-02-13,TLKM,3540.0,3550.0,3440.0,3450.0,102244000
2026-02-18,ALII,930.0,950.0,880.0,905.0,6296700
2026-02-18,BBRI,3780.0,3840.0,3760.0,3830.0,135223700
2026-02-18,BRPT,2150.0,2210.0,2130.0,2150.0,63973200
2026-02-18,CUAN,1815.0,1860.0,1790.0,1795.0,71990400
2026-02-18,MPPA,52.0,59.0,52.0,58.0,521212500
2026-02-18,TLKM,3470.0,3510.0,3460.0,3490.0,82797000
2026-02-19,ALII,905.0,965.0,860.0,955.0,9081600
2026-02-19,BBRI,3850.0,3850.0,3770.0,3770.0,154562300
2026-02-19,BRPT,2170.0,2180.0,2070.0,2100.0,60660700
2026-02-19,CUAN,1805.0,1825.0,1755.0,1755.0,81546100
2026-02-19,MPPA,58.0,58.0,53.0,53.0,121058700
2026-02-19,TLKM,3500.0,3500.0,3460.0,3480.0,70690600
2026-02-20,ALII,945.0,1030.0,940.0,970.0,10539000
2026-02-20,BBRI,3790.0,3870.0,3780.0,3840.0,191533500
2026-02-20,BRPT,2090.0,2100.0,2010.0,2020.0,58344100
2026-02-20,CUAN,1755.0,1765.0,1685.0,1735.0,135141500
2026-02-20,MPPA,58.0,58.0,58.0,58.0,288151100
2026-02-20,TLKM,3490.0,3510.0,3430.0,3480.0,75231500
2026-02-23,ALII,980.0,1055.0,980.0,1000.0,6248900
2026-02-23,BBRI,3880.0,3910.0,3860.0,3900.0,189611200
2026-02-23,BRPT,2030.0,2170.0,2030.0,2140.0,75359700
2026-02-23,CUAN,1780.0,1850.0,1775.0,1800.0,235823600
2026-02-23,MPPA,63.0,63.0,56.0,58.0,244138600
2026-02-23,TLKM,3480.0,3550.0,3480.0,3550.0,59621900
2026-02-24,ALII,1000.0,1010.0,890.0,890.0,7303900
2026-02-24,BBRI,3880.0,3890.0,3860.0,3870.0,191295900
2026-02-24,BRPT,2150.0,2170.0,2020.0,2030.0,74603100
2026-02-24,CUAN,1810.0,1845.0,1720.0,1720.0,146053100
2026-02-24,MPPA,58.0,58.0,55.0,55.0,56283200
2026-02-24,TLKM,3600.0,3600.0,3510.0,3580.0,119024300
2026-02-25,ALII,910.0,935.0,895.0,915.0,2549700
2026-02-25,BBRI,3880.0,3980.0,3880.0,3970.0,263027700
2026-02-25,BRPT,2040.0,2070.0,1965.0,2020.0,68254100
2026-02-25,CUAN,1740.0,1765.0,1680.0,1680.0,135624100
2026-02-25,MPPA,54.0,56.0,54.0,54.0,51180300
2026-02-25,TLKM,3580.0,3660.0,3580.0,3600.0,66237300
2026-02-26,ALII,915.0,920.0,850.0,865.0,3541900
2026-02-26,BBRI,3970.0,3970.0,3920.0,3950.0,146158100
2026-02-26,BRPT,2050.0,2050.0,1930.0,1950.0,59955200
2026-02-26,CUAN,1690.0,1710.0,1600.0,1650.0,71935800
2026-02-26,MPPA,54.0,54.0,50.0,50.0,79508800
2026-02-26,TLKM,3560.0,3650.0,3510.0,3650.0,111136200
2026-02-27,ALII,860.0,920.0,850.0,880.0,3256200
2026-02-27,BBRI,3950.0,3950.0,3880.0,3910.0,263179300
2026-02-27,BRPT,1950.0,1995.0,1875.0,1990.0,83933000
2026-02-27,CUAN,1630.0,1655.0,1560.0,1600.0,68484500
2026-02-27,MPPA,52.0,54.0,52.0,54.0,42549100
2026-02-27,TLKM,3630.0,3630.0,3530.0,3540.0,140862100
2026-03-02,ALII,835.0,890.0,795.0,835.0,3136600
2026-03-02,BBRI,3840.0,3840.0,3800.0,3820.0,204655700
2026-03-02,BRPT,1900.0,1920.0,1810.0,1810.0,92728400
2026-03-02,CUAN,1520.0,1575.0,1470.0,1470.0,151322300
2026-03-02,MPPA,52.0,53.0,52.0,52.0,37388800
2026-03-02,TLKM,3440.0,3490.0,3410.0,3450.0,80022100
2026-03-03,ALII,830.0,900.0,830.0,850.0,2143200
2026-03-03,BBRI,3820.0,3840.0,3770.0,3770.0,113600400
2026-03-03,BRPT,1820.0,1910.0,1760.0,1780.0,73495000
2026-03-03,CUAN,1490.0,1540.0,1450.0,1450.0,96883600
2026-03-03,MPPA,51.0,51.0,51.0,51.0,33439100
2026-03-03,TLKM,3520.0,3530.0,3440.0,3450.0,125403800
2026-03-04,ALII,850.0,890.0,805.0,830.0,4944700
2026-03-04,BBRI,3770.0,3770.0,3660.0,3690.0,215656600
2026-03-04,BRPT,1780.0,1785.0,1540.0,1640.0,140229200
2026-03-04,CUAN,1400.0,1400.0,1280.0,1335.0,158811100
2026-03-04,MPPA,51.0,51.0,49.0,49.0,63202000
2026-03-04,TLKM,3430.0,3450.0,3110.0,3200.0,206478300
2026-03-05,ALII,880.0,885.0,850.0,865.0,585800
2026-03-05,BBRI,3720.0,3780.0,3720.0,3750.0,96625300
2026-03-05,BRPT,1670.0,1695.0,1610.0,1635.0,69621500
2026-03-05,CUAN,1330.0,1415.0,1315.0,1320.0,246101900
2026-03-05,MPPA,49.0,49.0,45.0,45.0,35625500
2026-03-05,TLKM,3300.0,3350.0,3210.0,3260.0,137853600
2026-03-06,ALII,870.0,880.0,830.0,840.0,2004100
2026-03-06,BBRI,3750.0,3750.0,3670.0,3670.0,136987800
2026-03-06,BRPT,1620.0,1620.0,1505.0,1555.0,156040600
2026-03-06,CUAN,1300.0,1375.0,1180.0,1320.0,246114800
2026-03-06,MPPA,42.0,42.0,41.0,41.0,64486600
2026-03-06,TLKM,3270.0,3290.0,3180.0,3190.0,84932600
2026-03-09,ALII,820.0,825.0,755.0,755.0,1751000
2026-03-09,BBRI,3590.0,3630.0,3560.0,3570.0,215587500
2026-03-09,BRPT,1355.0,1575.0,1330.0,1500.0,155744600
2026-03-09,CUAN,1160.0,1350.0,1155.0,1280.0,244804700
2026-03-09,MPPA,38.0,41.0,38.0,41.0,38988800
2026-03-09,TLKM,3160.0,3160.0,3000.0,3100.0,126776600
2026-03-10,ALII,765.0,800.0,760.0,785.0,907100
2026-03-10,BBRI,3600.0,3610.0,3560.0,3560.0,175353400
2026-03-10,BRPT,1565.0,1575.0,1485.0,1500.0,82961500
2026-03-10,CUAN,1350.0,1380.0,1255.0,1275.0,228719100
2026-03-10,MPPA,45.0,45.0,45.0,45.0,14810200
2026-03-10,TLKM,3120.0,3150.0,2930.0,2960.0,288339600
2026-03-11,ALII,790.0,825.0,770.0,790.0,2554700
2026-03-11,BBRI,3580.0,3600.0,3560.0,3580.0,100862200
2026-03-11,BRPT,1510.0,1565.0,1465.0,1470.0,64282300
2026-03-11,CUAN,1295.0,1325.0,1260.0,1305.0,161937700
2026-03-11,MPPA,49.0,49.0,49.0,49.0,28158900
2026-03-11,TLKM,3000.0,3020.0,2930.0,3000.0,209073500
2026-03-12,ALII,790.0,800.0,765.0,765.0,577300
2026-03-12,BBRI,3580.0,3610.0,3570.0,3570.0,141366700
2026-03-12,BRPT,1470.0,1480.0,1415.0,1435.0,58730300
2026-03-12,CUAN,1300.0,1310.0,1230.0,1230.0,104088200
2026-03-12,MPPA,48.0,49.0,46.0,49.0,29752700
2026-03-12,TLKM,3020.0,3060.0,2980.0,3020.0,100856000
2026-03-13,ALII,750.0,775.0,695.0,720.0,3286800
2026-03-13,BBRI,3560.0,3590.0,3510.0,3510.0,159393900
2026-03-13,BRPT,1435.0,1440.0,1365.0,1370.0,61328800
2026-03-13,CUAN,1205.0,1240.0,1155.0,1195.0,142449200
2026-03-13,MPPA,49.0,49.0,48.0,48.0,10859100
2026-03-13,TLKM,3030.0,3050.0,2920.0,2970.0,102546800
2026-03-16,ALII,720.0,720.0,625.0,685.0,1081700
2026-03-16,BBRI,3500.0,3510.0,3430.0,3480.0,160328700
2026-03-16,BRPT,1365.0,1370.0,1240.0,1250.0,119097700
2026-03-16,CUAN,1195.0,1200.0,1095.0,1095.0,182951000
2026-03-16,MPPA,44.0,45.0,44.0,45.0,17498800
2026-03-16,TLKM,2970.0,2980.0,2830.0,2960.0,95426400
2026-03-17,ALII,690.0,730.0,690.0,690.0,601500
2026-03-17,BBRI,3500.0,3530.0,3480.0,3480.0,204208500
2026-03-17,BRPT,1285.0,1440.0,1230.0,1355.0,187031900
2026-03-17,CUAN,1130.0,1210.0,1105.0,1125.0,185097900
2026-03-17,MPPA,48.0,48.0,47.0,48.0,8688800
2026-03-17,TLKM,3050.0,3050.0,2960.0,3050.0,164842700
2026-03-25,ALII,700.0,745.0,680.0,740.0,729500
2026-03-25,BBRI,3440.0,3540.0,3410.0,3540.0,379422800
2026-03-25,BRPT,1420.0,1515.0,1375.0,1405.0,136415800
2026-03-25,CUAN,1130.0,1200.0,1110.0,1175.0,164596100
2026-03-25,MPPA,48.0,48.0,46.0,46.0,4070400
2026-03-25,TLKM,3140.0,3300.0,3130.0,3300.0,228354400
2026-03-26,ALII,765.0,765.0,700.0,720.0,993100
2026-03-26,BBRI,3540.0,3570.0,3480.0,3490.0,162060500
2026-03-26,BRPT,1410.0,1430.0,1310.0,1315.0,60957200
2026-03-26,CUAN,1190.0,1220.0,1125.0,1125.0,107189600
2026-03-26,MPPA,46.0,47.0,46.0,47.0,6758000
2026-03-26,TLKM,3240.0,3260.0,3130.0,3170.0,130477500
2026-03-27,ALII,720.0,740.0,700.0,735.0,720300
2026-03-27,BBRI,3460.0,3490.0,3420.0,3420.0,207067900
2026-03-27,BRPT,1315.0,1335.0,1285.0,1330.0,41243500
2026-03-27,CUAN,1150.0,1150.0,1105.0,1150.0,96894700
2026-03-27,MPPA,47.0,50.0,47.0,50.0,10479300
2026-03-27,TLKM,3150.0,3160.0,3050.0,3050.0,72337500
2026-03-30,ALII,720.0,720.0,660.0,690.0,1596400
2026-03-30,BBRI,3350.0,3390.0,3330.0,3360.0,317467700
2026-03-30,BRPT,1280.0,1340.0,1255.0,1330.0,46132300
2026-03-30,CUAN,1100.0,1170.0,1090.0,1130.0,378736400
2026-03-30,MPPA,47.0,48.0,47.0,48.0,6735400
2026-03-30,TLKM,3050.0,3110.0,3030.0,3040.0,115529200
2026-03-31,ALII,700.0,700.0,670.0,670.0,784600
2026-03-31,BBRI,3350.0,3400.0,3330.0,3330.0,298589200
2026-03-31,BRPT,1330.0,1435.0,1290.0,1365.0,106251400
2026-03-31,CUAN,1140.0,1155.0,1060.0,1060.0,454166000
2026-03-31,MPPA,52.0,52.0,50.0,50.0,45120800
2026-03-31,TLKM,3130.0,3130.0,3040.0,3060.0,95463800
2026-04-01,ALII,685.0,725.0,680.0,725.0,1884700
2026-04-01,BBRI,3400.0,3440.0,3330.0,3350.0,279604500
2026-04-01,BRPT,1430.0,1485.0,1410.0,1460.0,88565400
2026-04-01,CUAN,1100.0,1150.0,1085.0,1130.0,342066600
2026-04-01,MPPA,50.0,50.0,49.0,49.0,9718300
2026-04-01,TLKM,3150.0,3150.0,3100.0,3150.0,68303100
2026-04-02,ALII,695.0,720.0,670.0,675.0,2614100
2026-04-02,BBRI,3340.0,3390.0,3320.0,3320.0,242569200
2026-04-02,BRPT,1435.0,1435.0,1280.0,1280.0,120283000
2026-04-02,CUAN,1110.0,1120.0,1020.0,1045.0,379749800
2026-04-02,MPPA,45.0,47.0,45.0,46.0,24052500
2026-04-02,TLKM,3150.0,3160.0,3080.0,3130.0,56283200
2026-04-06,ALII,675.0,710.0,670.0,700.0,1365400
2026-04-06,BBRI,3340.0,3360.0,3290.0,3310.0,184143400
2026-04-06,BRPT,1240.0,1360.0,1200.0,1345.0,136761600
2026-04-06,CUAN,1000.0,1150.0,965.0,1110.0,406835000
2026-04-06,MPPA,46.0,48.0,46.0,47.0,12432700
2026-04-06,TLKM,3200.0,3200.0,3100.0,3160.0,37192400
2026-04-07,ALII,695.0,725.0,675.0,690.0,1475300
2026-04-07,BBRI,3310.0,3320.0,3220.0,3230.0,273842700
2026-04-07,BRPT,1335.0,1460.0,1320.0,1460.0,178277200
2026-04-07,CUAN,1100.0,1230.0,1075.0,1170.0,659217000
2026-04-07,MPPA,50.0,50.0,47.0,48.0,10445600
2026-04-07,TLKM,3150.0,3160.0,3060.0,3100.0,49528200
2026-04-08,ALII,700.0,800.0,695.0,765.0,4667100
2026-04-08,BBRI,3340.0,3370.0,3330.0,3340.0,416112900
2026-04-08,BRPT,1580.0,1770.0,1500.0,1765.0,317058200
2026-04-08,CUAN,1250.0,1270.0,1155.0,1230.0,1050888800
2026-04-08,MPPA,48.0,49.0,48.0,49.0,7114800
2026-04-08,TLKM,3150.0,3180.0,3110.0,3160.0,78411200
2026-04-09,ALII,765.0,865.0,750.0,840.0,3207000
2026-04-09,BBRI,3310.0,3330.0,3260.0,3280.0,319141400
2026-04-09,BRPT,1705.0,1905.0,1675.0,1855.0,434132600
2026-04-09,CUAN,1180.0,1275.0,1170.0,1270.0,673398800
2026-04-09,MPPA,48.0,48.0,47.0,48.0,13606200
2026-04-09,TLKM,3170.0,3190.0,3120.0,3190.0,58857300
2026-04-10,ALII,870.0,880.0,800.0,835.0,3414500
2026-04-10,BBRI,3290.0,3400.0,3290.0,3390.0,353451500
2026-04-10,BRPT,1890.0,1995.0,1860.0,1915.0,333267600
2026-04-10,CUAN,1320.0,1410.0,1300.0,1345.0,557865400
2026-04-10,MPPA,48.0,48.0,47.0,47.0,15602700
2026-04-10,TLKM,3190.0,3220.0,3170.0,3210.0,70335700
2026-04-13,ALII,830.0,875.0,805.0,840.0,2545900
2026-04-13,BBRI,3390.0,3410.0,3350.0,3370.0,176083800
2026-04-13,BRPT,1860.0,2270.0,1860.0,2190.0,485481000
2026-04-13,CUAN,1335.0,1465.0,1320.0,1430.0,655344100
2026-04-13,MPPA,49.0,49.0,47.0,47.0,22043400
2026-04-13,TLKM,3130.0,3200.0,3130.0,3190.0,77410000
2026-04-14,ALII,860.0,870.0,830.0,855.0,2054100
2026-04-14,BBRI,3420.0,3490.0,3420.0,3460.0,280543100
2026-04-14,BRPT,2280.0,2480.0,2250.0,2440.0,417393200
2026-04-14,CUAN,1470.0,1560.0,1440.0,1515.0,702456500
2026-04-14,MPPA,49.0,51.0,49.0,51.0,55622900
2026-04-14,TLKM,3190.0,3200.0,3110.0,3120.0,92852900
2026-04-15,ALII,850.0,860.0,815.0,825.0,2402400
2026-04-15,BBRI,3500.0,3510.0,3400.0,3400.0,332898200
2026-04-15,BRPT,2480.0,2550.0,2330.0,2380.0,317721200
2026-04-15,CUAN,1530.0,1555.0,1475.0,1495.0,484319900
2026-04-15,MPPA,56.0,56.0,56.0,56.0,133171300
2026-04-15,TLKM,3120.0,3150.0,3060.0,3090.0,89181500
2026-04-16,ALII,830.0,900.0,830.0,865.0,4971400
2026-04-16,BBRI,3400.0,3430.0,3380.0,3410.0,228465700
2026-04-16,BRPT,2340.0,2460.0,2210.0,2270.0,268520800
2026-04-16,CUAN,1505.0,1585.0,1480.0,1545.0,404432700
2026-04-16,MPPA,58.0,58.0,55.0,57.0,125787600
2026-04-16,TLKM,3100.0,3150.0,3100.0,3120.0,57013000
2026-04-17,ALII,875.0,890.0,830.0,855.0,2179200
2026-04-17,BBRI,3410.0,3450.0,3410.0,3430.0,209108800
2026-04-17,BRPT,2290.0,2370.0,2200.0,2230.0,202698300
2026-04-17,CUAN,1560.0,1615.0,1535.0,1590.0,356436000
2026-04-17,MPPA,58.0,58.0,57.0,57.0,43212800
2026-04-17,TLKM,3120.0,3150.0,3080.0,3100.0,96349500
2026-04-20,ALII,855.0,875.0,835.0,845.0,2060600
2026-04-20,BBRI,3440.0,3470.0,3420.0,3440.0,354461400
2026-04-20,BRPT,2270.0,2290.0,2090.0,2140.0,228624300
2026-04-20,CUAN,1600.0,1620.0,1505.0,1535.0,268054200
2026-04-20,MPPA,57.0,57.0,55.0,55.0,21303700
2026-04-20,TLKM,3130.0,3160.0,3050.0,3100.0,142308900
2026-04-21,ALII,845.0,890.0,820.0,865.0,2126400
2026-04-21,BBRI,3250.0,3300.0,3230.0,3270.0,398239800
2026-04-21,BRPT,2150.0,2380.0,2120.0,2300.0,381076600
2026-04-21,CUAN,1530.0,1555.0,1485.0,1530.0,245562300
2026-04-21,MPPA,55.0,55.0,53.0,53.0,24102200
2026-04-21,TLKM,3050.0,3070.0,2980.0,3010.0,137586500
2026-04-22,ALII,870.0,905.0,850.0,900.0,3804900
2026-04-22,BBRI,3260.0,3280.0,3240.0,3240.0,223077500
2026-04-22,BRPT,2270.0,2340.0,2230.0,2260.0,143723300
2026-04-22,CUAN,1525.0,1530.0,1465.0,1510.0,142289300
2026-04-22,MPPA,53.0,53.0,53.0,53.0,21688800
2026-04-22,TLKM,3010.0,3030.0,2990.0,3000.0,57088500
2026-04-23,ALII,910.0,1090.0,850.0,1030.0,30485200
2026-04-23,BBRI,3240.0,3270.0,3150.0,3160.0,352657300
2026-04-23,BRPT,2280.0,2300.0,2140.0,2190.0,127649500
2026-04-23,CUAN,1510.0,1515.0,1400.0,1400.0,128719700
2026-04-23,MPPA,53.0,54.0,53.0,53.0,25956100
2026-04-23,TLKM,3010.0,3020.0,2880.0,2880.0,164145000
2026-04-24,ALII,1050.0,1130.0,990.0,995.0,14753500
2026-04-24,BBRI,3120.0,3150.0,3060.0,3070.0,428089200
2026-04-24,BRPT,2170.0,2220.0,2020.0,2020.0,135290900
2026-04-24,CUAN,1400.0,1430.0,1310.0,1315.0,144157500
2026-04-24,MPPA,52.0,52.0,51.0,51.0,20137200
2026-04-24,TLKM,2880.0,2940.0,2750.0,2810.0,254588000
2026-04-27,ALII,990.0,1035.0,945.0,985.0,3484200
2026-04-27,BBRI,3060.0,3100.0,3050.0,3050.0,216480300
2026-04-27,BRPT,2050.0,2160.0,1985.0,2000.0,171825500
2026-04-27,CUAN,1330.0,1360.0,1290.0,1315.0,311711000
2026-04-27,MPPA,50.0,52.0,50.0,52.0,14723600
2026-04-27,TLKM,2850.0,2850.0,2810.0,2830.0,77838700
2026-04-28,ALII,995.0,1025.0,970.0,975.0,2368700
2026-04-28,BBRI,3050.0,3080.0,3020.0,3070.0,232596600
2026-04-28,BRPT,2030.0,2120.0,1980.0,2010.0,152232900
2026-04-28,CUAN,1330.0,1340.0,1280.0,1285.0,446759200
2026-04-28,MPPA,51.0,51.0,51.0,51.0,8290100
2026-04-28,TLKM,2790.0,2820.0,2750.0,2820.0,146311100
2026-04-29,ALII,980.0,1000.0,965.0,980.0,2388800
2026-04-29,BBRI,3070.0,3110.0,3050.0,3070.0,180641600
2026-04-29,BRPT,2010.0,2030.0,1910.0,1950.0,169541000
2026-04-29,CUAN,1285.0,1320.0,1255.0,1300.0,448364000
2026-04-29,MPPA,51.0,53.0,51.0,52.0,11997100
2026-04-29,TLKM,2820.0,2880.0,2800.0,2870.0,144598700
2026-04-30,ALII,990.0,995.0,935.0,980.0,2493300
2026-04-30,BBRI,3050.0,3060.0,2980.0,2990.0,382750500
2026-04-30,BRPT,1940.0,1960.0,1825.0,1835.0,189181000
2026-04-30,CUAN,1285.0,1290.0,1190.0,1200.0,385324800
2026-04-30,MPPA,52.0,52.0,51.0,52.0,13204900
2026-04-30,TLKM,2860.0,2870.0,2810.0,2810.0,134260800
2026-05-04,ALII,995.0,1025.0,980.0,995.0,2003300
2026-05-04,BBRI,3010.0,3040.0,3000.0,3040.0,190480000
2026-05-04,BRPT,1890.0,2040.0,1830.0,1845.0,386651800
2026-05-04,CUAN,1210.0,1245.0,1155.0,1160.0,500314900
2026-05-04,MPPA,52.0,53.0,52.0,52.0,14856500
2026-05-04,TLKM,2840.0,2890.0,2840.0,2890.0,81120300
2026-05-05,ALII,990.0,990.0,960.0,965.0,1843800
2026-05-05,BBRI,3050.0,3170.0,3040.0,3150.0,253157600
2026-05-05,BRPT,1880.0,2300.0,1840.0,2300.0,617314400
2026-05-05,CUAN,1165.0,1300.0,1140.0,1300.0,380337500
2026-05-05,MPPA,52.0,52.0,52.0,52.0,8478300
2026-05-05,TLKM,2910.0,2940.0,2870.0,2880.0,71127200
2026-05-06,ALII,975.0,1025.0,960.0,990.0,1844800
2026-05-06,BBRI,3150.0,3190.0,3130.0,3160.0,185002500
2026-05-06,BRPT,2380.0,2430.0,2240.0,2290.0,574559700
2026-05-06,CUAN,1300.0,1305.0,1230.0,1240.0,315358600
2026-05-06,MPPA,53.0,53.0,52.0,53.0,9793600
2026-05-06,TLKM,2890.0,2910.0,2870.0,2900.0,82205900
2026-05-07,ALII,990.0,995.0,925.0,925.0,4004800
2026-05-07,BBRI,3200.0,3330.0,3190.0,3310.0,312804400
2026-05-07,BRPT,2350.0,2450.0,2130.0,2160.0,618219900
2026-05-07,CUAN,1270.0,1290.0,1185.0,1190.0,178341000
2026-05-07,MPPA,53.0,53.0,51.0,52.0,19404000
2026-05-07,TLKM,2950.0,2980.0,2920.0,2930.0,102205600
2026-05-08,ALII,930.0,950.0,895.0,900.0,2675200
2026-05-08,BBRI,3310.0,3360.0,3260.0,3260.0,335638700
2026-05-08,BRPT,2120.0,2220.0,2010.0,2050.0,269783200
2026-05-08,CUAN,1190.0,1200.0,1115.0,1120.0,127785200
2026-05-08,MPPA,52.0,52.0,50.0,50.0,12504600
2026-05-08,TLKM,2930.0,3000.0,2900.0,2960.0,102107300
2026-05-11,ALII,900.0,915.0,870.0,870.0,4320600
2026-05-11,BBRI,3260.0,3280.0,3200.0,3200.0,196431000
2026-05-11,BRPT,2050.0,2150.0,1950.0,1985.0,340019500
2026-05-11,CUAN,1115.0,1130.0,1010.0,1030.0,195387100
2026-05-11,MPPA,51.0,52.0,51.0,52.0,9283400
2026-05-11,TLKM,2990.0,3010.0,2920.0,2960.0,58491000
2026-05-12,ALII,870.0,895.0,865.0,885.0,856500
2026-05-12,BBRI,3200.0,3240.0,3170.0,3220.0,151508100
2026-05-12,BRPT,1995.0,2330.0,1920.0,2280.0,678949000
2026-05-12,CUAN,1030.0,1070.0,920.0,945.0,498891100
2026-05-12,MPPA,52.0,52.0,50.0,51.0,15206100
2026-05-12,TLKM,3000.0,3000.0,2860.0,2950.0,91619700
2026-05-13,ALII,870.0,935.0,860.0,925.0,3129400
2026-05-13,BBRI,3200.0,3210.0,3120.0,3120.0,155231500
2026-05-13,BRPT,2240.0,2330.0,2060.0,2080.0,459900200
2026-05-13,CUAN,825.0,885.0,825.0,850.0,540831200
2026-05-13,MPPA,50.0,51.0,50.0,51.0,15921200
2026-05-13,TLKM,2950.0,2970.0,2920.0,2960.0,62623700
2026-05-14,ALII,925.0,925.0,925.0,925.0,0
2026-05-14,BBRI,3120.0,3120.0,3120.0,3120.0,0
2026-05-14,BRPT,2080.0,2080.0,2080.0,2080.0,0
2026-05-14,CUAN,850.0,850.0,850.0,850.0,0
2026-05-14,MPPA,51.0,51.0,51.0,51.0,0
2026-05-14,TLKM,2960.0,2960.0,2960.0,2960.0,0
2026-05-15,ALII,925.0,925.0,925.0,925.0,0
2026-05-15,BBRI,3120.0,3120.0,3120.0,3120.0,0
2026-05-15,BRPT,2080.0,2080.0,2080.0,2080.0,0
2026-05-15,CUAN,850.0,850.0,850.0,850.0,0
2026-05-15,MPPA,51.0,51.0,51.0,51.0,0
2026-05-15,TLKM,2960.0,2960.0,2960.0,2960.0,0
2026-05-18,ALII,920.0,950.0,880.0,905.0,4608500
2026-05-18,BBRI,3040.0,3100.0,3010.0,3060.0,348373200
2026-05-18,BRPT,2050.0,2110.0,1960.0,2070.0,313014900
2026-05-18,CUAN,805.0,810.0,725.0,750.0,666710600
2026-05-18,MPPA,50.0,50.0,48.0,50.0,8309100
2026-05-18,TLKM,2910.0,3080.0,2860.0,3080.0,148994300
2026-05-19,ALII,925.0,925.0,840.0,855.0,4483100
2026-05-19,BBRI,3060.0,3140.0,3040.0,3040.0,224758600
2026-05-19,BRPT,2090.0,2150.0,1850.0,1915.0,341613000
2026-05-19,CUAN,770.0,775.0,640.0,650.0,607248400
2026-05-19,MPPA,50.0,50.0,48.0,49.0,11999500
2026-05-19,TLKM,3080.0,3130.0,3030.0,3080.0,147808100
2026-05-20,ALII,850.0,880.0,815.0,825.0,2255800
2026-05-20,BBRI,3060.0,3110.0,3030.0,3040.0,273501800
2026-05-20,BRPT,1880.0,1950.0,1655.0,1720.0,465468000
2026-05-20,CUAN,645.0,670.0,575.0,590.0,586115800
2026-05-20,MPPA,47.0,47.0,46.0,47.0,51730100
2026-05-20,TLKM,3130.0,3190.0,3100.0,3100.0,191400600
2026-05-21,ALII,820.0,845.0,745.0,745.0,5664400
2026-05-21,BBRI,3050.0,3090.0,3020.0,3020.0,173346000
2026-05-21,BRPT,1755.0,1770.0,1465.0,1530.0,566464000
2026-05-21,CUAN,590.0,600.0,510.0,535.0,316088300
2026-05-21,MPPA,47.0,47.0,43.0,43.0,23501300
2026-05-21,TLKM,3100.0,3120.0,2950.0,3000.0,141907000
2026-05-22,ALII,745.0,895.0,720.0,800.0,5089400
2026-05-22,BBRI,3020.0,3070.0,3000.0,3050.0,158122200
2026-05-22,BRPT,1525.0,1640.0,1485.0,1605.0,457516400
2026-05-22,CUAN,492.0,520.0,468.0,515.0,725206200
2026-05-22,MPPA,43.0,45.0,43.0,45.0,5288800
2026-05-22,TLKM,3000.0,3010.0,2850.0,2920.0,138085300
2026-05-25,ALII,850.0,865.0,805.0,840.0,1653300
2026-05-25,BBRI,3090.0,3220.0,3080.0,3170.0,242782900
2026-05-25,BRPT,1605.0,1625.0,1475.0,1480.0,239859100
2026-05-25,CUAN,500.0,510.0,464.0,486.0,496509700
2026-05-25,MPPA,46.0,49.0,46.0,49.0,14688800
2026-05-25,TLKM,2880.0,2960.0,2870.0,2930.0,88999600
2026-05-26,ALII,835.0,890.0,830.0,840.0,2131500
2026-05-26,BBRI,3150.0,3150.0,3070.0,3070.0,185037400
2026-05-26,BRPT,1475.0,1795.0,1460.0,1555.0,722089900
2026-05-26,CUAN,482.0,595.0,478.0,505.0,871026600
2026-05-26,MPPA,50.0,51.0,48.0,48.0,17445700
2026-05-26,TLKM,2950.0,3100.0,2940.0,3090.0,136083800
2026-05-27,ALII,840.0,840.0,840.0,840.0,0
2026-05-27,BBRI,3070.0,3070.0,3070.0,3070.0,0
2026-05-27,BRPT,1555.0,1555.0,1555.0,1555.0,0
2026-05-27,CUAN,505.0,505.0,505.0,505.0,0
2026-05-27,MPPA,48.0,48.0,48.0,48.0,0
2026-05-27,TLKM,3090.0,3090.0,3090.0,3090.0,0
2026-05-28,ALII,840.0,840.0,840.0,840.0,0
2026-05-28,BBRI,3070.0,3070.0,3070.0,3070.0,0
2026-05-28,BRPT,1555.0,1555.0,1555.0,1555.0,0
2026-05-28,CUAN,505.0,505.0,505.0,505.0,0
2026-05-28,MPPA,48.0,48.0,48.0,48.0,0
2026-05-28,TLKM,3090.0,3090.0,3090.0,3090.0,0
2026-05-29,ALII,850.0,865.0,820.0,835.0,703000
2026-05-29,BBRI,3060.0,3080.0,2950.0,2950.0,1073661600
2026-05-29,BRPT,1700.0,1940.0,1600.0,1940.0,1094454700
2026-05-29,CUAN,630.0,630.0,625.0,630.0,1884779200
2026-05-29,MPPA,48.0,49.0,48.0,48.0,3363600
2026-05-29,TLKM,2900.0,3170.0,2900.0,3030.0,835364400
2026-06-02,ALII,850.0,915.0,815.0,890.0,5984400
2026-06-02,BBRI,3000.0,3040.0,2980.0,3040.0,320974000
2026-06-02,BRPT,2020.0,2220.0,1810.0,1930.0,986295000
2026-06-02,CUAN,750.0,785.0,715.0,785.0,515638400
2026-06-02,MPPA,49.0,49.0,47.0,47.0,24440300
2026-06-02,TLKM,2990.0,3020.0,2910.0,2950.0,242446000
2026-06-03,ALII,900.0,940.0,815.0,815.0,20654000
2026-06-03,BBRI,3050.0,3070.0,2900.0,2900.0,411746000
2026-06-03,BRPT,1925.0,1925.0,1655.0,1765.0,372768500
2026-06-03,CUAN,855.0,855.0,670.0,725.0,1397838200
2026-06-03,MPPA,46.0,46.0,44.0,45.0,34966000
2026-06-03,TLKM,2900.0,2950.0,2850.0,2850.0,168085400
2026-06-04,ALII,830.0,830.0,755.0,795.0,3143400
2026-06-04,BBRI,2900.0,2930.0,2780.0,2810.0,493450500
2026-06-04,BRPT,1770.0,1785.0,1505.0,1615.0,383436600
2026-06-04,CUAN,720.0,770.0,640.0,725.0,1011159000
2026-06-04,MPPA,44.0,46.0,44.0,45.0,42864000
2026-06-04,TLKM,2900.0,2950.0,2680.0,2900.0,197151900
2026-06-05,ALII,795.0,800.0,745.0,745.0,1248200
2026-06-05,BBRI,2780.0,2830.0,2730.0,2740.0,310053600
2026-06-05,BRPT,1670.0,1715.0,1480.0,1480.0,327602700
2026-06-05,CUAN,750.0,765.0,660.0,675.0,646650900
2026-06-05,MPPA,44.0,45.0,44.0,45.0,22011700
2026-06-05,TLKM,2900.0,2930.0,2760.0,2760.0,105040300
2026-06-08,ALII,750.0,770.0,720.0,720.0,1855000
2026-06-08,BBRI,2700.0,2750.0,2590.0,2590.0,626878600
2026-06-08,BRPT,1405.0,1515.0,1345.0,1385.0,320021400
2026-06-08,CUAN,650.0,685.0,600.0,640.0,484999700
2026-06-08,MPPA,43.0,44.0,43.0,43.0,35835900
2026-06-08,TLKM,2620.0,2650.0,2350.0,2350.0,331947700
2026-06-09,ALII,755.0,800.0,720.0,800.0,2679700
2026-06-09,BBRI,2540.0,2800.0,2540.0,2790.0,873192700
2026-06-09,BRPT,1390.0,1660.0,1345.0,1660.0,479036700
2026-06-09,CUAN,640.0,780.0,610.0,775.0,1256978600
2026-06-09,MPPA,43.0,43.0,43.0,43.0,22214600
2026-06-09,TLKM,2510.0,2620.0,2510.0,2620.0,371055600
2026-06-10,ALII,800.0,840.0,780.0,785.0,2473500
2026-06-10,BBRI,2790.0,2910.0,2730.0,2880.0,704423000
2026-06-10,BRPT,1700.0,1915.0,1635.0,1760.0,651865800
2026-06-10,CUAN,765.0,835.0,715.0,730.0,1360172500
2026-06-10,MPPA,43.0,43.0,42.0,42.0,16070700
2026-06-10,TLKM,2500.0,2810.0,2500.0,2810.0,391732600
2026-06-11,ALII,785.0,800.0,765.0,785.0,664900
2026-06-11,BBRI,2880.0,2960.0,2780.0,2850.0,465509700
2026-06-11,BRPT,1760.0,1825.0,1585.0,1650.0,406741700
2026-06-11,CUAN,715.0,745.0,645.0,665.0,780465500
2026-06-11,MPPA,42.0,42.0,40.0,40.0,11955400
2026-06-11,TLKM,2870.0,2970.0,2810.0,2870.0,274793100
2026-06-12,ALII,785.0,850.0,785.0,835.0,1472800
2026-06-12,BBRI,2880.0,2900.0,2830.0,2850.0,450530000
2026-06-12,BRPT,1700.0,1770.0,1680.0,1700.0,279487700
2026-06-12,CUAN,685.0,735.0,665.0,720.0,690438500
2026-06-12,MPPA,39.0,41.0,39.0,41.0,28277200
2026-06-12,TLKM,2910.0,2980.0,2860.0,2860.0,181531900
2026-06-15,ALII,840.0,875.0,820.0,820.0,2620200
2026-06-15,BBRI,2890.0,3050.0,2890.0,2990.0,622216400
2026-06-15,BRPT,1760.0,1865.0,1750.0,1770.0,385243700
2026-06-15,CUAN,755.0,810.0,725.0,745.0,1191910200
2026-06-15,MPPA,43.0,44.0,43.0,43.0,10843600
2026-06-15,TLKM,2900.0,2970.0,2890.0,2930.0,156789000
2026-06-17,ALII,825.0,840.0,805.0,810.0,666800
2026-06-17,BBRI,3020.0,3130.0,3010.0,3080.0,512048000
2026-06-17,BRPT,1775.0,1805.0,1660.0,1685.0,199713700
2026-06-17,CUAN,755.0,765.0,690.0,695.0,436703400
2026-06-17,MPPA,43.0,44.0,43.0,44.0,10694000
2026-06-17,TLKM,2950.0,3030.0,2940.0,2960.0,200799700
2026-06-18,ALII,810.0,830.0,795.0,805.0,891400
2026-06-18,BBRI,3040.0,3060.0,2960.0,2960.0,356398400
2026-06-18,BRPT,1685.0,1785.0,1640.0,1780.0,184538000
2026-06-18,CUAN,695.0,715.0,665.0,710.0,350712700
2026-06-18,MPPA,45.0,48.0,45.0,48.0,11923300
2026-06-18,TLKM,2800.0,2800.0,2670.0,2780.0,210813900
2026-06-19,ALII,810.0,820.0,795.0,795.0,406600
2026-06-19,BBRI,2960.0,3000.0,2910.0,2930.0,514857200
2026-06-19,BRPT,1760.0,1795.0,1690.0,1700.0,276149300
2026-06-19,CUAN,710.0,720.0,675.0,680.0,313674000
2026-06-19,MPPA,52.0,52.0,52.0,52.0,19984100
2026-06-19,TLKM,2700.0,2710.0,2580.0,2580.0,374544500
2026-06-22,ALII,800.0,815.0,770.0,800.0,910900
2026-06-22,BBRI,2930.0,2940.0,2870.0,2870.0,250025400
2026-06-22,BRPT,1710.0,1720.0,1590.0,1590.0,162340600
2026-06-22,CUAN,690.0,695.0,640.0,655.0,233881300
2026-06-22,MPPA,50.0,53.0,50.0,52.0,74283400
2026-06-22,TLKM,2580.0,2590.0,2500.0,2510.0,194270900
2026-06-23,ALII,795.0,825.0,765.0,780.0,1072300
2026-06-23,BBRI,2870.0,2940.0,2860.0,2910.0,271555000
2026-06-23,BRPT,1590.0,1680.0,1580.0,1675.0,140124900
2026-06-23,CUAN,655.0,690.0,645.0,685.0,222694700
2026-06-23,MPPA,48.0,48.0,47.0,47.0,78291500
2026-06-23,TLKM,2500.0,2610.0,2500.0,2540.0,173184800
2026-06-24,ALII,780.0,795.0,740.0,740.0,1388900
2026-06-24,BBRI,2930.0,2980.0,2800.0,2810.0,330171300
2026-06-24,BRPT,1675.0,1700.0,1515.0,1515.0,138891300
2026-06-24,CUAN,685.0,690.0,605.0,610.0,323707600
2026-06-24,MPPA,44.0,46.0,44.0,44.0,53045800
2026-06-24,TLKM,2570.0,2590.0,2480.0,2500.0,173348900
2026-06-25,ALII,745.0,770.0,725.0,745.0,1168700
2026-06-25,BBRI,2800.0,2920.0,2790.0,2850.0,343497900
2026-06-25,BRPT,1520.0,1635.0,1520.0,1580.0,178200300
2026-06-25,CUAN,610.0,655.0,595.0,625.0,219314500
2026-06-25,MPPA,45.0,48.0,45.0,48.0,20534100
2026-06-25,TLKM,2530.0,2540.0,2500.0,2500.0,94937900
2026-06-26,ALII,745.0,750.0,730.0,750.0,359700
2026-06-26,BBRI,2850.0,2880.0,2810.0,2870.0,200394100
2026-06-26,BRPT,1580.0,1595.0,1460.0,1465.0,202958600
2026-06-26,CUAN,625.0,630.0,555.0,565.0,358690900
2026-06-26,MPPA,46.0,46.0,45.0,45.0,19510600
2026-06-26,TLKM,2420.0,2480.0,2370.0,2480.0,220918000
2026-06-29,ALII,750.0,760.0,745.0,750.0,442700
2026-06-29,BBRI,2880.0,2890.0,2830.0,2840.0,173099600
2026-06-29,BRPT,1470.0,1480.0,1400.0,1405.0,138758200
2026-06-29,CUAN,570.0,590.0,560.0,570.0,195970100
2026-06-29,MPPA,43.0,45.0,43.0,45.0,5852000
2026-06-29,TLKM,2470.0,2470.0,2410.0,2410.0,124858100
2026-06-30,ALII,750.0,750.0,705.0,710.0,1150700
2026-06-30,BBRI,2810.0,2840.0,2730.0,2730.0,346190100
2026-06-30,BRPT,1415.0,1425.0,1270.0,1285.0,251384100
2026-06-30,CUAN,575.0,575.0,525.0,530.0,196974600
2026-06-30,MPPA,44.0,45.0,44.0,44.0,19580000
2026-06-30,TLKM,2390.0,2400.0,2350.0,2350.0,318664200
2026-07-01,ALII,710.0,740.0,705.0,710.0,440300
2026-07-01,BBRI,2700.0,2750.0,2670.0,2670.0,302582100
2026-07-01,BRPT,1285.0,1460.0,1280.0,1380.0,387639800
2026-07-01,CUAN,530.0,630.0,525.0,620.0,426419600
2026-07-01,MPPA,44.0,44.0,44.0,44.0,14374700
2026-07-01,TLKM,2380.0,2450.0,2350.0,2440.0,111997100
2026-07-02,ALII,710.0,735.0,680.0,680.0,2049000
2026-07-02,BBRI,2680.0,2730.0,2630.0,2690.0,366662800
2026-07-02,BRPT,1380.0,1560.0,1355.0,1500.0,396835500
2026-07-02,CUAN,610.0,650.0,595.0,615.0,461948300
2026-07-02,MPPA,44.0,45.0,44.0,45.0,21304200
2026-07-02,TLKM,2470.0,2490.0,2420.0,2450.0,112046100
2026-07-03,ALII,685.0,725.0,680.0,695.0,1774800
2026-07-03,BBRI,2710.0,2740.0,2700.0,2710.0,219292600
2026-07-03,BRPT,1530.0,1570.0,1480.0,1485.0,228013300
2026-07-03,CUAN,625.0,645.0,605.0,610.0,179242700
2026-07-03,MPPA,46.0,46.0,45.0,45.0,11524700
2026-07-03,TLKM,2480.0,2540.0,2470.0,2520.0,83587600
2026-07-06,ALII,700.0,725.0,695.0,710.0,266000
2026-07-06,BBRI,2710.0,2790.0,2680.0,2790.0,257473000
2026-07-06,BRPT,1500.0,1530.0,1475.0,1505.0,134893400
2026-07-06,CUAN,610.0,635.0,590.0,615.0,172827000
2026-07-06,MPPA,46.0,48.0,46.0,48.0,20361800
2026-07-06,TLKM,2520.0,2530.0,2470.0,2480.0,48614200
2026-07-07,ALII,705.0,710.0,695.0,705.0,357500
2026-07-07,BBRI,2810.0,2890.0,2800.0,2860.0,265534600
2026-07-07,BRPT,1510.0,1590.0,1495.0,1580.0,282887500
2026-07-07,CUAN,620.0,640.0,605.0,635.0,253276500
2026-07-07,MPPA,48.0,48.0,46.0,47.0,26923400
2026-07-07,TLKM,2460.0,2480.0,2420.0,2480.0,119404100
2026-07-08,ALII,710.0,710.0,680.0,685.0,523900
2026-07-08,BBRI,2860.0,2870.0,2770.0,2790.0,253336100
2026-07-08,BRPT,1580.0,1585.0,1500.0,1500.0,185622800
2026-07-08,CUAN,630.0,630.0,600.0,600.0,146033800
2026-07-08,MPPA,47.0,47.0,47.0,47.0,6034200
2026-07-08,TLKM,2480.0,2540.0,2470.0,2510.0,98228500
2026-07-09,ALII,710.0,760.0,695.0,745.0,1295700
2026-07-09,BBRI,2770.0,2790.0,2730.0,2780.0,244821900
2026-07-09,BRPT,1505.0,1620.0,1495.0,1600.0,166589300
2026-07-09,CUAN,600.0,620.0,590.0,620.0,114843000
2026-07-09,MPPA,46.0,47.0,46.0,47.0,6822500
2026-07-09,TLKM,2500.0,2510.0,2450.0,2510.0,68742100
2026-07-10,ALII,745.0,755.0,730.0,740.0,486800
2026-07-10,BBRI,2790.0,2810.0,2760.0,2790.0,144957900
2026-07-10,BRPT,1620.0,1670.0,1590.0,1620.0,183796000
2026-07-10,CUAN,625.0,635.0,615.0,620.0,134120800
2026-07-10,MPPA,47.0,48.0,47.0,48.0,10278500
2026-07-10,TLKM,2480.0,2500.0,2440.0,2480.0,129033800
2026-07-13,ALII,750.0,795.0,735.0,760.0,1732200
2026-07-13,BBRI,2790.0,2870.0,2780.0,2870.0,211532100
2026-07-13,BRPT,1625.0,1750.0,1620.0,1750.0,318950900
2026-07-13,CUAN,620.0,650.0,610.0,640.0,233289500
2026-07-13,MPPA,49.0,49.0,48.0,48.0,4230200
2026-07-13,TLKM,2480.0,2520.0,2460.0,2510.0,80358400
2026-07-14,ALII,775.0,780.0,755.0,755.0,768400
2026-07-14,BBRI,2880.0,2890.0,2800.0,2800.0,273911200
2026-07-14,BRPT,1765.0,1775.0,1660.0,1690.0,334787100
2026-07-14,CUAN,645.0,670.0,630.0,630.0,308750400
2026-07-14,MPPA,47.0,48.0,47.0,48.0,4048900
2026-07-14,TLKM,2500.0,2600.0,2490.0,2560.0,118565500
2026-07-15,ALII,750.0,770.0,745.0,750.0,965400
2026-07-15,BBRI,2840.0,2870.0,2810.0,2830.0,182403300
2026-07-15,BRPT,1700.0,1725.0,1685.0,1690.0,93453400
2026-07-15,CUAN,635.0,645.0,620.0,625.0,126517000
2026-07-15,MPPA,47.0,48.0,47.0,47.0,5043200
2026-07-15,TLKM,2560.0,2570.0,2490.0,2520.0,142706600
2026-07-16,ALII,755.0,760.0,750.0,760.0,526900
2026-07-16,BBRI,2840.0,2880.0,2830.0,2860.0,197705800
2026-07-16,BRPT,1695.0,1730.0,1675.0,1695.0,116862400
2026-07-16,CUAN,630.0,640.0,615.0,630.0,113351900
2026-07-16,MPPA,47.0,47.0,46.0,46.0,8293100
2026-07-16,TLKM,2520.0,2560.0,2510.0,2530.0,56858100
2026-07-17,ALII,760.0,760.0,750.0,760.0,286700
2026-07-17,BBRI,2860.0,3000.0,2840.0,2970.0,439266600
2026-07-17,BRPT,1700.0,1715.0,1660.0,1695.0,140462700
2026-07-17,CUAN,630.0,640.0,610.0,630.0,110360900
2026-07-17,MPPA,46.0,47.0,46.0,46.0,15251500
2026-07-17,TLKM,2550.0,2670.0,2540.0,2660.0,143963900
2026-07-20,ALII,760.0,760.0,745.0,755.0,527200
2026-07-20,BBRI,3000.0,3080.0,2990.0,3020.0,393555500
2026-07-20,BRPT,1700.0,1800.0,1700.0,1800.0,278158000
2026-07-20,CUAN,635.0,670.0,635.0,670.0,310137800
2026-07-20,MPPA,46.0,47.0,46.0,47.0,9514600
2026-07-20,TLKM,2670.0,2750.0,2660.0,2710.0,146905500
2026-07-21,ALII,750.0,760.0,720.0,725.0,2123500
2026-07-21,BBRI,3080.0,3080.0,3040.0,3070.0,320262200
2026-07-21,BRPT,1815.0,1875.0,1780.0,1860.0,342684500
2026-07-21,CUAN,680.0,750.0,670.0,735.0,807199700
2026-07-21,MPPA,47.0,47.0,46.0,47.0,14143700
2026-07-21,TLKM,2770.0,2770.0,2700.0,2750.0,140279600
2026-07-22,ALII,730.0,755.0,730.0,750.0,1152300
2026-07-22,BBRI,3080.0,3080.0,3020.0,3020.0,200041000
2026-07-22,BRPT,1870.0,1925.0,1800.0,1830.0,331295600
2026-07-22,CUAN,735.0,755.0,705.0,720.0,485325400
2026-07-22,MPPA,46.0,47.0,46.0,47.0,12797900
2026-07-22,TLKM,2730.0,2730.0,2670.0,2700.0,122114100
2026-07-23,ALII,760.0,830.0,740.0,760.0,3842200
2026-07-23,BBRI,3030.0,3070.0,2990.0,2990.0,217693500
2026-07-23,BRPT,1830.0,1905.0,1765.0,1790.0,342089300
2026-07-23,CUAN,720.0,825.0,710.0,755.0,923643800
2026-07-23,MPPA,47.0,47.0,47.0,47.0,32709100
2026-07-23,TLKM,2710.0,2710.0,2650.0,2650.0,91296700
2026-07-24,ALII,765.0,780.0,730.0,755.0,430800
2026-07-24,BBRI,2970.0,3020.0,2940.0,2960.0,290905700
2026-07-24,BRPT,1755.0,1780.0,1690.0,1745.0,205955100
2026-07-24,CUAN,750.0,755.0,690.0,700.0,547805800
2026-07-24,MPPA,47.0,47.0,47.0,47.0,6996900
2026-07-24,TLKM,2600.0,2630.0,2580.0,2630.0,92442500
2026-07-27,ALII,755.0,775.0,735.0,735.0,569800
2026-07-27,BBRI,2930.0,2980.0,2920.0,2950.0,201363300
2026-07-27,BRPT,1755.0,1770.0,1715.0,1725.0,114434700
2026-07-27,CUAN,700.0,705.0,675.0,690.0,176720800
2026-07-27,MPPA,47.0,51.0,47.0,51.0,32852100
2026-07-27,TLKM,2670.0,2670.0,2560.0,2590.0,60467000
2026-07-28,ALII,735.0,745.0,720.0,735.0,473300
2026-07-28,BBRI,2930.0,2970.0,2920.0,2930.0,220772100
2026-07-28,BRPT,1715.0,1805.0,1715.0,1745.0,113567800
2026-07-28,CUAN,680.0,705.0,670.0,670.0,165911800
2026-07-28,MPPA,52.0,52.0,50.0,50.0,38424900
2026-07-28,TLKM,2580.0,2620.0,2560.0,2560.0,69694800
2026-07-29,ALII,735.0,740.0,705.0,710.0,1038800
2026-07-29,BBRI,2930.0,2950.0,2910.0,2920.0,132102100
2026-07-29,BRPT,1765.0,1795.0,1695.0,1785.0,198366100
2026-07-29,CUAN,675.0,690.0,635.0,660.0,314585200
2026-07-29,MPPA,48.0,48.0,48.0,48.0,25068800
2026-07-29,TLKM,2560.0,2610.0,2540.0,2560.0,76414900
2026-07-30,ALII,715.0,760.0,710.0,725.0,538700
2026-07-30,BBRI,2930.0,3010.0,2920.0,2990.0,220548900
2026-07-30,BRPT,1785.0,1815.0,1730.0,1790.0,93465300
2026-07-30,CUAN,660.0,670.0,645.0,650.0,157980200
2026-07-30,MPPA,47.0,47.0,47.0,47.0,17151200
2026-07-30,TLKM,2600.0,2670.0,2590.0,2670.0,103302600
2026-07-31,ALII,735.0,765.0,730.0,740.0,1296300
2026-07-31,BBRI,3000.0,3040.0,2980.0,3040.0,226634400
2026-07-31,BRPT,1830.0,1850.0,1800.0,1845.0,162512500
2026-07-31,CUAN,660.0,680.0,655.0,665.0,170972100
2026-07-31,MPPA,47.0,47.0,47.0,47.0,15760200
2026-07-31,TLKM,2670.0,2680.0,2600.0,2630.0,91987400
2026-08-03,ALII,740.0,760.0,725.0,760.0,1236500
2026-08-03,BBRI,3030.0,3030.0,2980.0,3020.0,119721600
2026-08-03,BRPT,1890.0,1890.0,1780.0,1820.0,130168400
2026-08-03,CUAN,680.0,690.0,655.0,660.0,182458100
2026-08-03,MPPA,47.0,47.0,46.0,46.0,10128000
2026-08-03,TLKM,2600.0,2740.0,2600.0,2740.0,112278700
2026-08-04,ALII,760.0,805.0,760.0,795.0,1417800
2026-08-04,BBRI,3020.0,3060.0,3000.0,3060.0,191121700
2026-08-04,BRPT,1830.0,1855.0,1805.0,1855.0,88497700
2026-08-04,CUAN,665.0,670.0,650.0,665.0,93814200
2026-08-04,MPPA,46.0,47.0,46.0,47.0,11017200
2026-08-04,TLKM,2740.0,2790.0,2710.0,2790.0,90753600
2026-08-05,ALII,800.0,810.0,770.0,795.0,743400
2026-08-05,BBRI,3060.0,3070.0,3020.0,3020.0,111460100
2026-08-05,BRPT,1870.0,1920.0,1860.0,1870.0,221111300
2026-08-05,CUAN,675.0,690.0,665.0,675.0,174914600
2026-08-05,MPPA,47.0,47.0,46.0,46.0,3295400
2026-08-05,TLKM,2780.0,2780.0,2700.0,2710.0,109494500
2026-08-06,ALII,795.0,855.0,755.0,800.0,2360900
2026-08-06,BBRI,3030.0,3070.0,3030.0,3040.0,117685400
2026-08-06,BRPT,1880.0,1910.0,1845.0,1875.0,218739200
2026-08-06,CUAN,680.0,725.0,680.0,720.0,490208600
2026-08-06,MPPA,46.0,47.0,46.0,47.0,5368700
2026-08-06,TLKM,2710.0,2720.0,2650.0,2650.0,138223900
2026-08-07,ALII,800.0,810.0,775.0,785.0,517300
2026-08-07,BBRI,3050.0,3130.0,3040.0,3130.0,349136300
2026-08-07,BRPT,1885.0,1960.0,1875.0,1930.0,279412500
2026-08-07,CUAN,735.0,750.0,720.0,740.0,406234600
2026-08-07,MPPA,47.0,47.0,47.0,47.0,9284200
2026-08-07,TLKM,2650.0,2720.0,2650.0,2710.0,66412400
2026-08-10,ALII,805.0,815.0,790.0,795.0,882900
2026-08-10,BBRI,3140.0,3160.0,3090.0,3090.0,232230700
2026-08-10,BRPT,1945.0,1955.0,1860.0,1860.0,205573700
2026-08-10,CUAN,745.0,760.0,705.0,710.0,337201400
2026-08-10,MPPA,47.0,48.0,47.0,48.0,9203800
2026-08-10,TLKM,2720.0,2730.0,2620.0,2620.0,93974000
2026-08-11,ALII,800.0,810.0,765.0,765.0,4103200
2026-08-11,BBRI,3100.0,3110.0,3060.0,3090.0,179274900
2026-08-11,BRPT,1860.0,1870.0,1785.0,1820.0,151431700
2026-08-11,CUAN,710.0,740.0,670.0,720.0,301045000
2026-08-11,MPPA,48.0,52.0,48.0,52.0,34954900
2026-08-11,TLKM,2640.0,2650.0,2570.0,2610.0,84124100
2026-08-12,ALII,765.0,800.0,760.0,795.0,2194200
2026-08-12,BBRI,3090.0,3130.0,3080.0,3130.0,158307500
2026-08-12,BRPT,1830.0,1960.0,1830.0,1950.0,274783200
2026-08-12,CUAN,730.0,880.0,720.0,870.0,1709078600
2026-08-12,MPPA,52.0,52.0,50.0,50.0,8352800
2026-08-12,TLKM,2610.0,2620.0,2570.0,2590.0,120373100
2026-08-13,ALII,820.0,830.0,785.0,795.0,909700
2026-08-13,BBRI,3130.0,3130.0,3080.0,3110.0,165084600
2026-08-13,BRPT,1955.0,1965.0,1850.0,1865.0,213207400
2026-08-13,CUAN,860.0,885.0,810.0,840.0,1546039600
2026-08-13,MPPA,50.0,50.0,49.0,50.0,11300500
2026-08-13,TLKM,2600.0,2610.0,2570.0,2590.0,76115000
2026-08-14,ALII,800.0,815.0,785.0,815.0,860200
2026-08-14,BBRI,3110.0,3150.0,3090.0,3120.0,118492200
2026-08-14,BRPT,1870.0,1900.0,1840.0,1870.0,90082200
2026-08-14,CUAN,830.0,885.0,815.0,825.0,1028444500
2026-08-14,MPPA,50.0,50.0,49.0,49.0,5109100
2026-08-14,TLKM,2600.0,2630.0,2590.0,2620.0,80799200
2026-08-18,ALII,815.0,825.0,805.0,810.0,1171800
2026-08-18,BBRI,3120.0,3140.0,3080.0,3080.0,153801000
2026-08-18,BRPT,1875.0,1900.0,1845.0,1845.0,80418600
2026-08-18,CUAN,840.0,870.0,825.0,840.0,586936700
2026-08-18,MPPA,49.0,50.0,49.0,50.0,2736900
2026-08-18,TLKM,2640.0,2640.0,2600.0,2600.0,80089000
2026-08-19,ALII,820.0,820.0,795.0,815.0,388300
2026-08-19,BBRI,3080.0,3100.0,3040.0,3080.0,101112000
2026-08-19,BRPT,1850.0,1875.0,1825.0,1855.0,51405900
2026-08-19,CUAN,840.0,840.0,810.0,815.0,277446300
2026-08-19,MPPA,49.0,49.0,49.0,49.0,5554600
2026-08-19,TLKM,2600.0,2610.0,2580.0,2600.0,45580300
2026-08-20,ALII,820.0,830.0,800.0,825.0,645700
2026-08-20,BBRI,3100.0,3140.0,3090.0,3140.0,156120300
2026-08-20,BRPT,1875.0,1885.0,1860.0,1880.0,56245900
2026-08-20,CUAN,825.0,845.0,820.0,825.0,288162200
2026-08-20,MPPA,49.0,49.0,48.0,48.0,7281200
2026-08-20,TLKM,2610.0,2620.0,2590.0,2610.0,86747700
2026-08-21,ALII,825.0,830.0,805.0,805.0,477500
2026-08-21,BBRI,3170.0,3250.0,3160.0,3230.0,349663900
2026-08-21,BRPT,1880.0,1905.0,1880.0,1890.0,80755000
2026-08-21,CUAN,835.0,860.0,820.0,835.0,440936300
2026-08-21,MPPA,48.0,48.0,48.0,48.0,3108100
2026-08-21,TLKM,2610.0,2640.0,2610.0,2610.0,72276500
2026-08-24,ALII,805.0,810.0,775.0,795.0,895100
2026-08-24,BBRI,3230.0,3240.0,3160.0,3180.0,151200300
2026-08-24,BRPT,1900.0,1910.0,1845.0,1860.0,70591700
2026-08-24,CUAN,840.0,855.0,820.0,825.0,238597500
2026-08-24,MPPA,48.0,48.0,47.0,47.0,6044000
2026-08-24,TLKM,2620.0,2640.0,2600.0,2620.0,46321100
2026-08-25,BBRI,3180.0,3180.0,3180.0,3180.0,0
2026-08-25,BRPT,1860.0,1860.0,1860.0,1860.0,0
2026-08-25,MPPA,47.0,47.0,47.0,47.0,0
2026-08-25,TLKM,2620.0,2620.0,2620.0,2620.0,0
2026-08-26,ALII,795.0,820.0,760.0,760.0,641800
2026-08-26,BBRI,3170.0,3170.0,3110.0,3130.0,159003300
2026-08-26,BRPT,1850.0,1855.0,1750.0,1750.0,102436400
2026-08-26,CUAN,825.0,830.0,770.0,770.0,478866600
2026-08-26,MPPA,47.0,47.0,45.0,45.0,22414800
2026-08-26,TLKM,2630.0,2630.0,2590.0,2600.0,82579200
2026-08-27,ALII,790.0,815.0,765.0,800.0,380600
2026-08-27,BBRI,3110.0,3150.0,3100.0,3150.0,164832300
2026-08-27,BRPT,1720.0,1840.0,1710.0,1840.0,66714500
2026-08-27,CUAN,755.0,825.0,755.0,815.0,408065800
2026-08-27,MPPA,45.0,45.0,45.0,45.0,4882900
2026-08-27,TLKM,2590.0,2610.0,2550.0,2610.0,115845900
2026-08-28,ALII,805.0,805.0,780.0,785.0,306900
2026-08-28,BBRI,3180.0,3200.0,3160.0,3190.0,135419900
2026-08-28,BRPT,1840.0,1875.0,1805.0,1830.0,88806300
2026-08-28,CUAN,820.0,855.0,795.0,810.0,455779700
2026-08-28,MPPA,45.0,45.0,43.0,43.0,15749300
2026-08-28,TLKM,2620.0,2620.0,2570.0,2570.0,78958600
2026-08-31,ALII,800.0,805.0,780.0,780.0,495000
2026-08-31,BBRI,3180.0,3270.0,3170.0,3250.0,353834000
2026-08-31,BRPT,1840.0,1860.0,1785.0,1785.0,120064100
2026-08-31,CUAN,815.0,825.0,805.0,815.0,172393100
2026-08-31,MPPA,43.0,44.0,43.0,44.0,18371400
2026-08-31,TLKM,2570.0,2600.0,2560.0,2600.0,204591800
2026-09-01,ALII,795.0,805.0,765.0,765.0,1460000
2026-09-01,BBRI,3250.0,3380.0,3250.0,3380.0,393505600
2026-09-01,BRPT,1790.0,1850.0,1785.0,1830.0,99984700
2026-09-01,CUAN,820.0,905.0,815.0,905.0,950010800
2026-09-01,MPPA,45.0,46.0,45.0,46.0,8708900
2026-09-01,TLKM,2600.0,2630.0,2590.0,2610.0,82430900
2026-09-02,ALII,780.0,780.0,765.0,775.0,684900
2026-09-02,BBRI,3390.0,3400.0,3350.0,3390.0,205175100
2026-09-02,BRPT,1845.0,1845.0,1795.0,1820.0,73571100
2026-09-02,CUAN,910.0,910.0,855.0,905.0,667961100
2026-09-02,MPPA,46.0,46.0,45.0,45.0,3554900
2026-09-02,TLKM,2600.0,2610.0,2560.0,2590.0,105899600
2026-09-03,ALII,765.0,790.0,765.0,785.0,648400
2026-09-03,BBRI,3400.0,3430.0,3370.0,3410.0,244699100
2026-09-03,BRPT,1830.0,1840.0,1800.0,1800.0,102183600
2026-09-03,CUAN,910.0,955.0,900.0,910.0,953565500
2026-09-03,MPPA,45.0,45.0,45.0,45.0,20723300
2026-09-03,TLKM,2600.0,2610.0,2580.0,2600.0,76989700
2026-09-04,ALII,785.0,795.0,775.0,790.0,428700
2026-09-04,BBRI,3430.0,3440.0,3380.0,3390.0,152173900
2026-09-04,BRPT,1805.0,1830.0,1785.0,1790.0,86734000
2026-09-04,CUAN,915.0,980.0,900.0,940.0,1015740100
2026-09-04,MPPA,45.0,45.0,45.0,45.0,3386400
2026-09-04,TLKM,2610.0,2630.0,2590.0,2610.0,84953700
2026-09-07,ALII,790.0,795.0,770.0,770.0,748400
2026-09-07,BBRI,3400.0,3400.0,3330.0,3370.0,140651200
2026-09-07,BRPT,1795.0,1810.0,1765.0,1770.0,52507400
2026-09-07,CUAN,945.0,965.0,920.0,935.0,406473700
2026-09-07,MPPA,45.0,45.0,44.0,44.0,3516700
2026-09-07,TLKM,2610.0,2620.0,2600.0,2610.0,42030200
2026-09-08,ALII,770.0,800.0,765.0,795.0,1448200
2026-09-08,BBRI,3380.0,3420.0,3360.0,3410.0,148330400
2026-09-08,BRPT,1775.0,1790.0,1755.0,1760.0,53243600
2026-09-08,CUAN,935.0,970.0,930.0,935.0,265153300
2026-09-08,MPPA,44.0,44.0,44.0,44.0,3992900
2026-09-08,TLKM,2620.0,2670.0,2600.0,2650.0,173160300
2026-09-09,ALII,805.0,810.0,780.0,795.0,493200
2026-09-09,BBRI,3420.0,3420.0,3360.0,3420.0,156865000
2026-09-09,BRPT,1760.0,1785.0,1725.0,1735.0,71220700
2026-09-09,CUAN,940.0,960.0,925.0,940.0,252878900
2026-09-09,MPPA,43.0,44.0,42.0,42.0,15564300
2026-09-09,TLKM,2650.0,2680.0,2630.0,2660.0,119056300
2026-09-10,ALII,800.0,805.0,790.0,790.0,1393400
2026-09-10,BBRI,3420.0,3430.0,3310.0,3320.0,194894800
2026-09-10,BRPT,1740.0,1785.0,1720.0,1730.0,94922600
2026-09-10,CUAN,950.0,1040.0,945.0,985.0,1038092300
2026-09-10,MPPA,42.0,42.0,41.0,41.0,19248300
2026-09-10,TLKM,2680.0,2680.0,2620.0,2630.0,87447500
2026-09-11,ALII,790.0,800.0,775.0,795.0,517000
2026-09-11,BBRI,3320.0,3320.0,3250.0,3270.0,217302800
2026-09-11,BRPT,1720.0,1725.0,1685.0,1700.0,46175500
2026-09-11,CUAN,955.0,970.0,930.0,945.0,493057300
2026-09-11,MPPA,42.0,42.0,42.0,42.0,4040100
2026-09-11,TLKM,2620.0,2630.0,2590.0,2600.0,88455300
