date,open,high,low,close,volume
2025-09-13,116093.56,116334.63,115248.27,115950.51,34549454947
2025-09-14,115950.29,116181.5,115222.4,115407.66,32798036057
2025-09-15,115399.63,116747.88,114461.06,115444.88,52937859416
2025-09-16,115423.76,117005.27,114813.09,116843.19,45781744593
2025-09-17,116840.51,117328.61,114794.98,116468.51,60528025996
2025-09-18,116461.27,117911.79,116188.8,117137.2,49457272032
2025-09-19,117137.67,117479.76,115141.82,115688.86,38828473971
2025-09-20,115691.12,116191.15,115473.52,115721.96,22864449614
2025-09-21,115730.23,115901.09,115252.58,115306.09,22495852193
2025-09-22,115309.22,115431.31,112037.65,112748.51,70684158591
2025-09-23,112757.48,113351.91,111535.57,112014.5,47211853279
2025-09-24,112007.66,113986.27,111229.64,113328.63,48044595085
2025-09-25,113330.16,113541.09,108713.4,109049.29,75528654284
2025-09-26,109041.3,110359.2,108728.98,109712.83,57738288949
2025-09-27,109707.14,109778.5,109144.3,109681.95,26308042910
2025-09-28,109681.95,112375.48,109236.95,112122.64,33371048505
2025-09-29,112117.88,114473.57,111589.95,114400.38,60000147466
2025-09-30,114396.52,114836.62,112740.56,114056.09,58986330258
2025-10-01,114057.59,118648.93,113981.4,118648.93,71328680132
2025-10-02,118652.38,121086.41,118383.16,120681.26,71415163912
2025-10-03,120656.98,123944.7,119344.31,122266.53,83941392228
2025-10-04,122267.47,122857.64,121577.57,122425.43,36769171735
2025-10-05,122419.67,125559.21,122191.96,123513.48,73689317763
2025-10-06,123510.45,126198.07,123196.05,124752.53,72568881188
2025-10-07,124752.14,125184.02,120681.97,121451.38,76149412513
2025-10-08,121448.35,124167.09,121119.18,123354.87,65354305286
2025-10-09,123337.07,123739.34,119812.03,121705.59,74653009425
2025-10-10,121704.74,122509.66,104582.41,113214.37,153125018868
2025-10-11,113236.43,113429.73,109760.56,110807.88,110236934340
2025-10-12,110811.52,115805.06,109715.54,115169.77,93710414091
2025-10-13,115161.68,116020.48,113821.19,115271.08,71582026739
2025-10-14,115264.88,115502.88,110029.48,113118.66,92212917403
2025-10-15,113113.97,113622.38,110235.84,110783.16,72574132855
2025-10-16,110782.17,111990.81,107537.03,108186.04,87306423067
2025-10-17,108179.13,109235.8,103598.43,106467.79,99703051669
2025-10-18,106483.73,107490.98,106387.45,107198.27,37779905278
2025-10-19,107204.31,109488.99,106157.79,108666.71,47657008953
2025-10-20,108667.45,111711.03,107485.02,110588.93,63507793085
2025-10-21,110587.63,113996.34,107534.75,108476.89,101194375480
2025-10-22,108491.53,109115.13,106778.0,107688.59,80807013218
2025-10-23,107679.44,111288.59,107548.43,110069.73,54944076060
2025-10-24,110069.35,111842.53,109770.15,111033.92,48160816980
2025-10-25,111032.62,111947.7,110704.41,111641.73,24707667305
2025-10-26,111639.05,115260.91,111268.48,114472.45,41708524143
2025-10-27,114479.85,116273.31,113882.29,114119.33,61761358733
2025-10-28,114129.09,116078.98,112291.68,112956.16,64528066504
2025-10-29,112921.33,113642.73,109368.72,110055.3,62192043469
2025-10-30,110059.2,111612.35,106376.69,108305.55,69673964814
2025-10-31,108304.41,111031.82,108288.27,109556.16,60090359560
2025-11-01,109558.62,110574.9,109372.95,110064.02,25871668762
2025-11-02,110064.43,111167.31,109523.45,110639.62,34284209459
2025-11-03,110646.91,110764.91,105336.36,106547.52,72852006359
2025-11-04,106541.42,107264.88,98962.06,101590.52,110967184773
2025-11-05,101579.23,104534.7,98989.91,103891.84,77584934804
2025-11-06,103893.66,104147.3,100336.87,101301.29,63932752861
2025-11-07,101286.24,104052.91,99257.05,103372.41,92168030081
2025-11-08,103371.7,103373.56,101458.04,102282.12,51446691095
2025-11-09,102278.98,105418.37,101468.88,104719.64,59679243013
2025-11-10,104723.77,106564.7,104350.65,105996.59,69585887229
2025-11-11,105996.86,107428.26,102457.33,102997.47,71130078574
2025-11-12,103011.44,105297.23,100836.62,101663.19,64347179408
2025-11-13,101674.15,104005.49,97988.72,99697.49,101546815416
2025-11-14,99694.7,99804.43,94000.73,94397.79,114346441890
2025-11-15,94420.47,96728.47,94420.47,95549.15,38500716654
2025-11-16,95556.87,96564.19,92971.16,94177.08,71086235862
2025-11-17,94180.88,95928.37,91214.76,92093.88,94186165724
2025-11-18,92094.53,93745.08,89300.46,92948.88,101333569062
2025-11-19,92946.16,92946.16,88526.83,91465.99,80350354656
2025-11-20,91459.35,93025.07,86040.8,86631.9,97970645638
2025-11-21,86528.77,87380.8,80659.81,85090.69,129157506112
2025-11-22,85098.56,85503.01,83490.9,84648.36,40793099246
2025-11-23,84648.61,88038.47,84641.77,86805.01,58083435576
2025-11-24,86798.77,89206.34,85272.2,88270.56,74433896110
2025-11-25,88269.96,88457.34,86131.43,87341.89,64837343545
2025-11-26,87345.59,90581.16,86316.9,90518.37,66496301869
2025-11-27,90517.77,91897.58,90089.52,91285.38,57040622845
2025-11-28,91285.38,92969.09,90257.12,90919.27,60895830289
2025-11-29,90918.74,91187.62,90260.19,90851.76,37921773455
2025-11-30,90838.21,91965.05,90394.31,90394.31,38497902869
2025-12-01,90389.11,90398.16,83862.25,86321.57,87962894424
2025-12-02,86322.54,92316.63,86202.2,91350.2,78546798211
2025-12-03,91345.09,94060.77,91056.39,93527.8,77650204986
2025-12-04,93454.26,94038.24,90976.1,92141.62,64538402681
2025-12-05,92133.65,92702.64,88152.14,89387.76,63256398633
2025-12-06,89389.36,90267.46,88951.66,89272.38,37994042405
2025-12-07,89277.81,91740.84,87799.56,90405.64,47394898960
2025-12-08,90424.59,92267.12,89644.89,90640.2,57394099056
2025-12-09,90639.7,94601.57,89586.98,92691.71,66861721440
2025-12-10,92695.23,94477.16,91640.13,92020.95,65420694513
2025-12-11,92011.3,93554.27,89335.3,92511.34,64532834621
2025-12-12,92513.66,92747.93,89532.6,90270.41,80275884583
2025-12-13,90257.8,90647.57,89800.99,90298.71,64237748110
2025-12-14,90296.44,90498.11,87634.94,88175.18,50465972205
2025-12-15,88171.08,89983.92,85304.08,86419.78,45559514323
2025-12-16,86424.41,88170.09,85381.69,87843.98,41262178223
2025-12-17,87847.62,90264.57,85316.27,86143.76,44243392914
2025-12-18,86144.37,89412.66,84436.31,85462.51,52667115348
2025-12-19,85476.13,89339.12,85107.66,88103.38,46733310561
2025-12-20,88101.67,88497.2,87924.88,88344.0,14688196659
2025-12-21,88344.7,89027.95,87613.2,88621.75,19845522660
2025-12-22,88621.4,90501.93,87908.07,88490.02,38047472118
2025-12-23,88490.03,88898.38,86606.98,87414.0,43683011533
2025-12-24,87404.32,87956.88,86411.8,87611.96,25550297986
2025-12-25,87608.32,88501.79,86949.26,87234.74,19953216347
2025-12-26,87235.51,89459.43,86628.14,87301.43,42455674908
2025-12-27,87301.43,87874.78,87182.98,87802.16,13741199310
2025-12-28,87799.34,87986.89,87394.95,87835.84,15156557929
2025-12-29,87835.79,90299.16,86717.91,87138.14,48411625849
2025-12-30,87134.35,89297.94,86735.55,88430.13,35586356225
2025-12-31,88429.59,89080.29,87130.56,87508.83,33830210616
2026-01-01,87508.05,88803.23,87399.41,88731.98,18849043990
2026-01-02,88733.06,90884.46,88298.62,89944.7,46398906171
2026-01-03,89945.05,90679.57,89328.07,90603.19,20774828592
2026-01-04,90603.0,91712.59,90595.1,91413.49,26770491368
2026-01-05,91414.62,94762.07,91414.62,93882.55,53376407252
2026-01-06,93876.95,94395.3,91286.55,93729.03,52430605257
2026-01-07,93727.47,93738.79,90601.8,91308.05,43461295053
2026-01-08,91309.64,91485.85,89233.88,91027.12,42386697030
2026-01-09,91026.27,91910.67,89625.38,90513.1,38305906684
2026-01-10,90510.1,90713.03,90283.4,90386.65,12385895282
2026-01-11,90385.36,91155.23,90212.02,90827.46,17165568977
2026-01-12,90825.86,92395.52,90055.02,91192.99,41346275358
2026-01-13,91185.34,96011.62,90941.93,95321.78,54980674354
2026-01-14,95322.91,97860.6,94583.05,96929.33,60592490863
2026-01-15,96931.29,97150.17,95103.24,95551.19,53086363027
2026-01-16,95554.1,95801.89,94259.27,95525.12,33248170537
2026-01-17,95525.16,95598.48,95005.62,95099.92,16021715122
2026-01-18,95101.18,95491.51,93588.87,93634.43,20809781232
2026-01-19,93655.67,93660.83,92089.25,92553.59,39195241508
2026-01-20,92553.6,92798.43,87814.93,88310.91,53072968031
2026-01-21,88326.51,90430.41,87231.57,89376.96,56330422434
2026-01-22,89378.52,90258.96,88438.45,89462.45,35549685694
2026-01-23,89462.05,91100.25,88486.36,89503.88,38997586037
2026-01-24,89506.15,89811.61,89044.29,89110.73,14558687712
2026-01-25,89104.77,89193.15,86003.71,86572.22,36124986722
2026-01-26,86566.52,88743.07,86429.29,88267.14,45329286974
2026-01-27,88257.48,89427.12,87228.92,89102.57,38744942267
2026-01-28,89104.05,90439.29,88721.46,89184.57,39807419296
2026-01-29,89169.85,89200.78,83250.6,84561.59,64653083162
2026-01-30,84562.73,84602.16,81071.48,84128.66,72083816087
2026-01-31,84126.5,84136.92,75815.88,78621.12,70479259159
2026-02-01,78626.12,79322.61,75698.9,76974.45,53372509744
2026-02-02,76968.88,79258.61,74551.34,78688.77,75140589684
2026-02-03,78693.51,79118.85,72897.14,75633.55,68249110822
2026-02-04,75640.09,76864.66,71779.93,73019.7,67215363944
2026-02-05,73016.38,73161.55,62353.54,62702.1,125509410908
2026-02-06,62704.45,71681.3,60074.2,70555.39,114674259489
2026-02-07,70553.8,71611.15,67364.45,69281.97,62347107663
2026-02-08,69283.73,72206.91,68852.9,70264.73,39721722619
2026-02-09,70243.33,71369.97,68291.03,70120.78,52081598792
2026-02-10,70137.39,70464.27,67913.09,68793.96,40593063077
2026-02-11,68791.86,69242.68,65757.3,66991.97,49671946030
2026-02-12,66992.2,68339.49,65092.11,66221.84,44651071271
2026-02-13,66213.38,69382.84,65835.78,68857.84,40820775886
2026-02-14,68856.98,70481.16,68706.62,69767.62,36012397645
2026-02-15,69764.95,70939.29,68052.55,68788.19,40191152750
2026-02-16,68782.4,70067.23,67301.59,68843.16,33618145426
2026-02-17,68843.09,69201.87,66615.28,67494.22,34866936040
2026-02-18,67488.02,68434.43,65845.9,66425.32,33094301643
2026-02-19,66425.62,67277.12,65637.43,66957.52,31492987019
2026-02-20,66958.58,68269.03,66452.48,68005.42,47507867304
2026-02-21,68000.25,68657.7,67533.07,68003.77,18357635642
2026-02-22,67998.83,68235.23,67185.6,67659.39,17893536012
2026-02-23,67668.43,67668.43,63924.44,64616.74,50953457309
2026-02-24,64616.02,64992.16,62553.19,64080.04,40849331086
2026-02-25,64077.77,69953.53,63942.48,67960.12,53629234355
2026-02-26,67954.87,68843.35,66523.73,67453.77,42988597523
2026-02-27,67456.52,68220.41,64946.04,65881.8,40283655942
2026-02-28,65878.93,67714.52,63062.22,66995.86,42041497112
2026-03-01,67005.88,68162.82,65076.73,65738.1,40733141929
2026-03-02,65734.08,70044.0,65303.14,68775.85,56698092052
2026-03-03,68785.08,69232.89,66237.62,68293.65,47947999049
2026-03-04,68290.56,74051.8,67437.41,72710.58,75073101274
2026-03-05,72712.66,73555.79,70654.88,70841.12,51172841727
2026-03-06,70842.16,71378.57,67757.82,68136.49,43776962871
2026-03-07,68136.69,68515.16,66969.26,67272.59,23258701211
2026-03-08,67272.5,68177.79,65639.2,65969.78,33195080116
2026-03-09,65969.59,69474.95,65858.01,68402.38,49499875378
2026-03-10,68402.72,71770.9,68402.72,69926.92,54003996096
2026-03-11,69931.25,71337.66,68998.87,70204.88,45236859848
2026-03-12,70209.77,70775.83,69230.16,70493.46,40871848129
2026-03-13,70497.05,73927.33,70410.73,70968.27,61167226505
2026-03-14,70965.38,71291.2,70339.59,71214.62,22283546496
2026-03-15,71213.68,73173.01,70882.42,72789.91,27991268669
2026-03-16,72798.17,74901.86,72300.63,74861.09,55572438409
2026-03-17,74855.3,75988.4,73444.23,73922.48,49500721728
2026-03-18,73936.85,74658.98,70503.86,71245.58,46229011155
2026-03-19,71250.35,71598.84,68805.52,69912.79,44631433398
2026-03-20,69911.53,71346.8,69398.88,70522.59,38299078407
2026-03-21,70522.47,71051.27,68602.91,68711.52,21109354718
2026-03-22,68737.45,69561.77,67372.88,67845.21,30108051508
2026-03-23,67843.0,71782.26,67458.84,70914.86,51508669357
2026-03-24,70912.67,71371.3,68920.7,70517.86,40181522399
2026-03-25,70520.05,71985.74,70383.59,71309.88,35409791747
2026-03-26,71310.12,71410.39,68118.35,68791.62,38962070215
2026-03-27,68790.84,69117.53,65532.57,66338.38,46483453594
2026-03-28,66338.5,67232.86,65906.74,66319.7,20924883455
2026-03-29,66319.7,67052.95,64971.71,65954.92,21645889785
2026-03-30,65958.35,68087.29,65759.8,66691.45,37694994180
2026-03-31,66694.59,68495.27,65950.44,68233.31,42997691338
2026-04-01,68232.89,69230.36,67555.36,68078.55,36465393617
2026-04-02,68077.9,68633.15,65725.26,66888.57,39323384518
2026-04-03,66889.02,67296.23,66281.54,66931.1,22815543346
2026-04-04,66938.65,67515.02,66769.64,67290.52,15878814963
2026-04-05,67291.2,69087.66,66610.63,68981.9,22972648674
2026-04-06,68982.91,70305.42,68347.08,68859.83,39542143229
2026-04-07,68859.38,72732.43,67740.51,71940.7,44650511480
2026-04-08,71950.15,72825.19,70707.47,71123.36,42444631703
2026-04-09,71120.57,73107.27,70486.36,71767.83,38799581473
2026-04-10,71774.37,73440.12,71434.83,72979.05,37722595732
2026-04-11,72976.12,73784.23,72556.34,73054.27,23287073965
2026-04-12,73056.05,73154.03,70540.57,70753.41,29882740487
2026-04-13,70757.62,74896.31,70588.52,74484.64,52278211554
2026-04-14,74478.4,76061.76,73877.2,74181.61,53540826530
2026-04-15,74182.02,75409.27,73549.2,74805.08,38090174312
2026-04-16,74810.88,75506.57,73346.27,75152.13,41312783855
2026-04-17,75164.04,78320.68,74558.6,77126.88,54137194839
2026-04-18,77136.05,77416.7,75504.95,75726.21,26014416776
2026-04-19,75723.7,76243.09,73802.38,73856.35,30931515195
2026-04-20,73854.25,76575.36,73775.57,75872.52,39674447916
2026-04-21,75872.83,76881.48,74852.67,76352.77,36453522626
2026-04-22,76354.22,79468.0,76159.58,78203.1,48336654537
2026-04-23,78203.88,78676.94,77014.45,78268.95,40354900916
2026-04-24,78263.82,78554.09,77318.45,77455.31,32784213526
2026-04-25,77457.21,77882.64,77184.66,77612.02,16702933134
2026-04-26,77613.12,78923.56,77334.89,78657.54,21482934750
2026-04-27,78661.02,79488.17,76481.34,77366.62,38135631927
2026-04-28,77368.12,77483.87,75673.6,76350.67,32056900880
2026-04-29,76350.69,77884.97,74958.57,75776.13,41460907886
2026-04-30,75778.63,76611.48,75318.98,76304.32,29497862305
2026-05-01,76305.05,78894.98,76294.7,78179.0,39164328894
2026-05-02,78177.75,79119.79,78031.96,78657.25,16761531851
2026-05-03,78656.73,79402.36,78073.08,78538.23,20544392639
2026-05-04,78540.29,80742.36,78217.96,79827.91,54325085296
2026-05-05,79823.53,81751.45,79787.58,80927.05,39700107376
2026-05-06,80930.73,82792.21,80751.02,81427.53,41751540000
2026-05-07,81428.85,81684.95,79522.66,80009.99,36931193154
2026-05-08,80009.62,80447.27,79205.52,80186.77,33789351540
2026-05-09,80187.74,81030.06,80119.93,80664.37,18102086996
2026-05-10,80665.61,82430.17,80274.13,82138.93,26965971077
2026-05-11,82139.05,82326.23,80451.42,81728.3,32409774919
2026-05-12,81725.35,81753.03,79832.1,80477.49,32186688600
2026-05-13,80476.79,81276.67,78725.51,79277.12,34075428359
2026-05-14,79276.95,82005.96,78909.68,81051.25,43731663431
2026-05-15,81046.87,81634.84,78635.37,79065.68,38183347368
2026-05-16,79066.0,79173.5,77630.73,78131.44,25895799905
2026-05-17,78133.59,78539.4,76783.41,77429.35,20900166465
2026-05-18,77426.34,77749.32,76029.23,76954.17,41520471808
2026-05-19,76954.75,77346.87,76082.37,76750.91,26031898332
2026-05-20,76749.45,77775.57,76463.65,77457.77,26668360936
2026-05-21,77462.51,78100.56,76655.44,77539.17,27141485404
2026-05-22,77538.12,77819.45,75323.88,75488.24,27859040109
2026-05-23,75488.31,77288.12,74255.23,76673.37,29973220002
2026-05-24,76670.66,77372.54,76019.89,76981.12,20572738918
2026-05-25,76981.12,77804.92,76833.04,77279.93,19808387601
2026-05-26,77280.12,77990.87,75569.47,75825.73,35999475458
2026-05-27,75825.3,76014.3,74136.5,74344.7,33802172927
2026-05-28,74339.57,74460.12,72493.41,73536.55,40148145327
2026-05-29,73537.03,74218.56,72435.62,73372.52,34457929250
2026-05-30,73370.85,74020.76,73125.23,73754.84,19563589191
2026-05-31,73753.75,74153.5,73315.02,73579.69,17445435650
2026-06-01,73580.21,73969.57,70599.51,71319.77,43378836121
2026-06-02,71321.03,71334.95,66127.27,66703.66,54990073882
2026-06-03,66694.01,67402.93,64009.68,64014.37,47411556213
2026-06-04,64020.07,64664.45,61335.75,63801.57,63800151780
2026-06-05,63807.69,63901.52,59108.92,60922.67,71465606706
2026-06-06,60924.48,61491.7,59496.62,60867.41,30898464957
2026-06-07,60866.94,64128.04,60724.07,63239.52,36006496194
2026-06-08,63244.09,64185.77,62384.67,63090.59,34133252457
2026-06-09,63092.89,63486.09,60756.69,61643.78,40144449754
2026-06-10,61643.21,62788.28,60788.02,61449.29,27493506779
2026-06-11,61448.88,63851.95,61447.97,63561.05,29316677897
2026-06-12,63547.44,64334.02,62778.79,63543.2,26881868307
2026-06-13,63541.52,64700.88,63431.32,64421.32,16956245530
2026-06-14,64420.17,65749.78,63634.02,65710.4,21572226975
2026-06-15,65711.11,67248.13,65315.84,66289.5,32927321950
2026-06-16,66289.46,66928.61,65315.07,65600.64,25063963967
2026-06-17,65600.43,66354.62,63870.93,64418.45,31288885189
2026-06-18,64419.64,64736.92,62201.14,62896.47,30432454936
2026-06-19,62897.52,63568.22,62275.58,63540.84,22361931660
2026-06-20,63535.81,64307.14,63149.66,64239.68,17486384117
2026-06-21,64242.32,64506.58,63221.0,63237.54,15739619591
2026-06-22,63240.79,65544.0,63233.53,63952.11,26561496819
2026-06-23,63952.79,64196.56,61893.21,62668.02,29608942370
2026-06-24,62663.03,63097.76,59029.86,60995.13,42644106535
2026-06-25,60992.07,61868.91,58075.92,59721.68,40625024718
2026-06-26,59712.05,60647.19,58269.12,60016.43,41502864671
2026-06-27,60016.31,60835.05,59794.62,59940.1,15099836554
2026-06-28,59940.35,60432.71,58879.63,59532.34,16282230874
2026-06-29,59522.79,60682.34,58856.19,60138.38,30829983083
2026-06-30,60136.45,60173.22,58111.67,58558.86,32747419391
2026-07-01,58562.45,61223.77,57747.77,60003.76,37904450118
2026-07-02,60004.77,62117.88,59532.32,61485.3,40109297349
2026-07-03,61492.07,62879.01,61176.72,62544.2,26131813598
2026-07-04,62545.13,63398.41,62287.59,63088.3,18608397613
2026-07-05,63089.06,63935.85,62413.99,63547.88,18267466154
2026-07-06,63551.02,64597.57,61275.83,63995.02,36552222303
2026-07-07,63994.6,64257.63,62623.93,63297.39,31026493556
2026-07-08,63293.52,63706.89,61492.65,62257.57,27349235354
2026-07-09,62257.32,63422.94,61645.75,63193.15,26546256117
2026-07-10,63194.36,64658.97,62902.06,64127.14,27450201269
2026-07-11,64127.97,64445.46,63785.62,63802.03,13954689047
2026-07-12,63791.4,64243.13,63606.82,63758.22,19043437787
2026-07-13,63757.17,64340.88,61769.0,62239.12,37650044790
2026-07-14,62238.59,65046.13,62207.52,64956.11,29841287318
2026-07-15,64959.81,65507.59,64442.82,64712.38,27029791676
2026-07-16,64713.3,64931.86,63701.8,63789.28,27232426674
2026-07-17,63789.91,64332.02,62489.45,63899.46,27280236800
2026-07-18,63899.18,64816.5,63845.02,64796.6,14162542470
2026-07-19,64799.28,64909.89,64250.91,64690.8,15000653941
2026-07-20,64684.42,65735.72,63720.39,65230.03,30988932408
2026-07-21,65228.87,66910.06,65113.66,66505.12,29554470321
2026-07-22,66506.79,66694.65,65514.18,66100.8,28142272410
2026-07-23,66100.13,66282.38,64610.61,65044.81,24364433538
2026-07-24,65044.96,65760.48,63686.04,64098.5,25917559237
2026-07-25,64098.49,64386.06,63753.03,64311.81,13817493398
2026-07-26,64311.79,65503.77,64233.45,65340.3,14301494281
2026-07-27,65340.59,65658.34,63562.48,63724.9,26183821002
2026-07-28,63723.49,64026.92,62714.8,63871.36,24128738898
2026-07-29,63871.39,64638.7,63206.21,63908.17,28611167472
2026-07-30,63908.62,65071.45,63533.91,64725.31,26250039650
2026-07-31,64723.97,65328.18,62410.87,62813.75,30439749629
2026-08-01,62813.66,63091.6,62233.01,62763.32,13553286543
2026-08-02,62763.45,63714.61,62745.25,63482.0,15901776708
2026-08-03,63485.44,64020.32,62226.58,63460.9,26038889824
2026-08-04,63458.41,64466.94,63277.68,64055.95,23662357784
2026-08-05,64054.88,64954.35,63829.72,64597.5,23568584891
2026-08-06,64595.45,64934.49,64098.48,64262.11,18529402711
2026-08-07,64257.49,65330.61,64113.27,64880.19,22165720102
2026-08-08,64882.55,65140.48,64797.11,64904.69,12350094271
2026-08-09,64906.55,65401.69,64677.6,64844.89,13234538380
2026-08-10,64845.38,65321.84,63752.57,63910.59,22384770392
2026-08-11,63910.18,64433.68,63185.47,63551.88,20824820662
2026-08-12,63551.87,64381.08,63251.11,63402.43,23063864553
2026-08-13,63404.43,63926.33,62799.29,63402.17,18765583756
2026-08-14,63402.09,63551.56,62487.7,62975.59,20280053024
2026-08-15,62974.34,63119.13,62850.96,63024.32,10033057106
2026-08-16,63023.42,63310.78,62648.57,62818.65,9078986635
2026-08-17,62819.38,64547.85,62687.1,64506.25,21555405073
2026-08-18,64506.52,64987.71,63980.32,64680.71,18728001793
2026-08-19,64680.05,69996.95,64111.07,69266.19,46228098443
2026-08-20,69268.25,73369.8,68867.53,73032.76,55444322363
2026-08-21,73031.09,79463.71,73011.41,78335.19,74478039014
2026-08-22,78332.55,78801.15,76526.71,77083.41,42131959963
2026-08-23,77082.84,78036.87,75624.95,77755.27,31158396908
2026-08-24,77748.88,79970.11,76688.83,78964.48,55502180329
2026-08-25,78960.09,81235.03,77870.62,78564.98,46728068401
2026-08-26,78538.59,79240.5,77639.84,79027.42,29329039002
2026-08-27,79037.92,80806.56,78591.1,80257.54,34033075972
2026-08-28,80264.65,81346.95,76909.35,77830.29,39362871737
2026-08-29,77830.89,78327.95,77381.9,78245.81,14053131399
2026-08-30,78246.17,79373.18,77056.15,77667.57,19314839672
2026-08-31,77673.7,79247.34,77378.44,78548.63,30608386987
2026-09-01,78539.86,79196.52,76399.06,77403.62,30608796575
2026-09-02,77402.14,77737.55,76248.3,77300.48,26525296646
2026-09-03,77300.16,82262.21,76940.88,81271.74,40504199354
2026-09-04,81271.54,81433.15,78641.62,79671.97,37501874897
2026-09-05,79671.7,80194.51,79465.06,79823.87,18559708494
2026-09-06,79824.6,80530.65,79327.5,80350.05,19391863269
2026-09-07,80349.2,80432.31,78684.93,79115.85,23414434445
2026-09-08,79114.91,79463.27,77635.69,78438.58,34680168667
2026-09-09,78440.6,79737.3,77768.15,78259.52,29192409298
2026-09-10,78260.38,78520.97,76470.64,76568.12,30120111719
2026-09-11,76559.12,79818.34,76162.91,77173.8,37410998193
2026-09-12,77175.07,77479.66,77045.0,77270.47,12664765797
2026-09-13,77270.22,77308.94,76503.83,77066.46,13077656576
