nis,nama,kelas,nilai_matematika,nilai_ipa,nilai_ips,kehadiran_persen
S-0001,Maya Pratama,9C,52,69,53,80
S-0002,Maya Lestari,7A,73,68,55,87
S-0003,Fajar Zulaikha,7C,51,49,61,93
S-0004,Joko Siregar,8B,70,54,61,80
S-0005,Taufik Safitri,7B,80,87,82,83
S-0006,Nanda Halim,7C,90,85,76,86
S-0007,Joko Pratama,9C,68,69,66,91
S-0008,Nanda Safitri,9B,64,70,65,78
S-0009,Joko Safitri,9C,78,81,88,72
S-0010,Andi Utami,9A,77,77,90,81
S-0011,Budi Anggraini,9C,91,100,95,79
S-0012,Oscar Pratama,7C,75,59,76,87
S-0013,Indah Siregar,7B,58,53,63,96
S-0014,Hadi Ramadhan,9A,59,61,68,91
S-0015,Nanda Wijaya,7B,60,62,71,74
S-0016,Taufik Siregar,7B,92,94,81,93
S-0017,Oscar Utami,9B,97,93,87,86
S-0018,Nanda Anggraini,8C,77,89,86,81
S-0019,Dewi Saputra,9A,95,88,93,71
S-0020,Taufik Saputra,9B,54,60,63,100
S-0021,Taufik Pratama,7B,97,99,82,98
S-0022,Andi Hidayat,7B,74,61,64,71
S-0023,Putri Siregar,9B,59,52,52,94
S-0024,Andi Tambunan,8A,83,90,94,82
S-0025,Indah Nugroho,9C,61,54,48,91
S-0026,Sari Zulaikha,8C,84,86,88,91
S-0027,Rangga Maulana,9A,73,85,76,84
S-0028,Umi Maulana,9B,66,61,69,88
S-0029,Fajar Utami,7C,92,93,82,93
S-0030,Putri Halim,7B,57,62,67,78
S-0031,Eko Utami,8A,55,65,50,93
S-0032,Andi Hidayat,9B,58,70,63,77
S-0033,Dewi Yuliana,9C,59,66,62,90
S-0034,Nanda Safitri,9C,54,62,51,87
S-0035,Kartika Utami,9C,65,57,72,80
S-0036,Joko Purnama,9A,98,89,83,74
S-0037,Umi Firmansyah,8C,95,87,83,97
S-0038,Fajar Purnama,7B,73,72,88,93
S-0039,Rangga Yuliana,8B,84,71,83,88
S-0040,Gita Anggraini,8A,74,71,85,70
S-0041,Putri Purnama,8A,75,57,58,72
S-0042,Lukman Saputra,7B,78,77,82,90
S-0043,Citra Purnama,8C,88,100,97,84
S-0044,Taufik Maulana,8A,73,53,62,73
S-0045,Kartika Tambunan,8A,77,64,71,77
S-0046,Andi Yuliana,7A,72,72,68,97
S-0047,Kartika Maulana,7A,52,53,62,97
S-0048,Umi Purnama,9B,58,65,50,84
S-0049,Hadi Purnama,8B,64,66,63,73
S-0050,Oscar Halim,9C,75,81,84,73
S-0051,Joko Utami,9A,73,65,75,95
S-0052,Lukman Ramadhan,9B,87,86,94,76
S-0053,Dewi Tambunan,7C,76,87,86,72
S-0054,Hadi Utami,9A,60,48,54,85
S-0055,Taufik Tambunan,7A,60,63,62,89
S-0056,Budi Tambunan,9B,82,71,76,84
S-0057,Gita Yuliana,9B,83,85,70,98
S-0058,Putri Nugroho,7B,73,79,75,75
S-0059,Putri Firmansyah,9C,67,62,58,72
S-0060,Taufik Halim,7C,95,98,83,93
S-0061,Umi Safitri,9C,66,58,66,93
S-0062,Umi Wibowo,8B,86,87,93,82
S-0063,Putri Ramadhan,9C,97,100,96,89
S-0064,Taufik Wijaya,8A,89,90,93,72
S-0065,Kartika Wijaya,8A,70,65,59,73
S-0066,Budi Ramadhan,7C,85,97,90,73
S-0067,Indah Maulana,9B,80,75,87,78
S-0068,Budi Nugroho,8A,71,77,72,77
S-0069,Andi Saputra,9A,75,68,76,75
S-0070,Fajar Safitri,9C,84,86,82,78
S-0071,Citra Nugroho,9A,75,83,74,77
S-0072,Joko Purnama,7C,59,63,50,94
S-0073,Hadi Yuliana,9B,54,58,53,92
S-0074,Kartika Wijaya,9B,76,94,82,77
S-0075,Indah Wijaya,8C,78,77,73,86
S-0076,Fajar Maulana,9C,63,47,58,73
S-0077,Lukman Yuliana,9A,81,68,72,79
S-0078,Andi Safitri,9B,83,87,81,85
S-0079,Hadi Kusuma,7B,82,92,87,100
S-0080,Fajar Nugroho,9C,95,97,91,98
S-0081,Kartika Pratama,9A,62,70,66,96
S-0082,Oscar Siregar,8B,72,87,84,88
S-0083,Maya Siregar,7B,65,68,77,99
S-0084,Joko Pratama,7A,68,75,61,90
S-0085,Citra Kusuma,7B,62,62,49,88
S-0086,Umi Safitri,8B,92,74,91,100
S-0087,Eko Utami,8A,95,100,100,82
S-0088,Taufik Firmansyah,8B,84,82,87,71
S-0089,Citra Purnama,8C,70,76,70,75
S-0090,Nanda Pratama,8A,92,85,94,77
S-0091,Dewi Yuliana,8B,75,67,73,76
S-0092,Gita Hidayat,7C,90,98,87,74
S-0093,Sari Kusuma,9A,91,93,95,93
S-0094,Rangga Firmansyah,8C,87,91,77,93
S-0095,Eko Wijaya,8C,71,62,63,100
S-0096,Putri Nugroho,9A,99,95,90,73
S-0097,Fajar Kusuma,7C,83,87,73,71
S-0098,Budi Yuliana,8C,61,67,61,87
S-0099,Andi Safitri,7A,87,98,93,99
S-0100,Hadi Nugroho,9A,81,91,79,79
S-0101,Budi Maulana,8B,56,57,65,77
S-0102,Indah Anggraini,9B,92,85,96,74
S-0103,Rangga Ramadhan,9A,75,86,85,76
S-0104,Budi Maulana,7A,66,68,74,95
S-0105,Joko Hidayat,9C,72,74,68,81
S-0106,Oscar Tambunan,7C,60,64,60,73
S-0107,Joko Purnama,8A,93,94,81,77
S-0108,Eko Purnama,8A,77,74,80,96
S-0109,Umi Zulaikha,8B,88,100,99,91
S-0110,Oscar Safitri,9B,77,68,62,90
S-0111,Joko Wibowo,9B,48,57,65,78
S-0112,Gita Firmansyah,9A,55,59,57,73
S-0113,Maya Halim,9C,66,61,76,88
S-0114,Eko Pratama,9C,81,77,81,74
S-0115,Budi Wibowo,8A,73,90,88,96
S-0116,Oscar Utami,9C,66,55,65,86
S-0117,Lukman Tambunan,8C,63,66,68,70
S-0118,Indah Yuliana,7C,72,76,62,87
S-0119,Dewi Yuliana,9B,65,65,64,96
S-0120,Nanda Hidayat,9A,87,100,99,92
S-0121,Eko Nugroho,8B,84,70,70,90
S-0122,Oscar Wijaya,7B,65,65,70,85
S-0123,Indah Lestari,9C,70,60,75,99
S-0124,Sari Pratama,9A,66,71,63,87
S-0125,Maya Purnama,8B,59,65,70,83
S-0126,Joko Firmansyah,8A,71,83,76,81
S-0127,Putri Wibowo,8B,65,69,69,74
S-0128,Taufik Wibowo,7B,88,91,100,99
S-0129,Gita Kusuma,7C,61,64,78,99
S-0130,Lukman Yuliana,7B,93,83,87,85
S-0131,Kartika Zulaikha,9C,87,73,82,93
S-0132,Indah Yuliana,9A,59,69,67,96
S-0133,Nanda Firmansyah,7A,61,56,71,87
S-0134,Nanda Siregar,9C,91,84,84,85
S-0135,Eko Utami,7B,60,59,77,96
S-0136,Hadi Utami,7C,51,57,61,91
S-0137,Dewi Utami,9A,77,61,68,96
S-0138,Putri Nugroho,8A,66,82,74,97
S-0139,Fajar Anggraini,7A,73,77,68,88
S-0140,Fajar Purnama,7C,80,74,82,97
S-0141,Lukman Wijaya,7C,94,97,83,70
S-0142,Putri Pratama,9C,66,77,65,86
S-0143,Hadi Firmansyah,7A,67,69,64,95
S-0144,Joko Wibowo,7A,58,53,61,97
S-0145,Andi Wibowo,7B,90,96,85,79
S-0146,Andi Halim,8A,94,100,91,99
S-0147,Putri Kusuma,9B,54,63,69,76
S-0148,Dewi Anggraini,9B,77,86,83,71
S-0149,Fajar Purnama,8C,84,82,89,83
S-0150,Lukman Anggraini,9A,66,79,70,89
S-0151,Sari Firmansyah,7A,72,58,58,99
S-0152,Budi Saputra,8C,63,63,62,78
S-0153,Budi Utami,9B,81,90,72,71
S-0154,Budi Utami,9C,89,85,82,72
S-0155,Lukman Lestari,9B,85,96,88,98
S-0156,Sari Pratama,8A,95,95,90,84
S-0157,Taufik Yuliana,8A,82,82,81,79
S-0158,Indah Wibowo,7B,69,64,64,98
S-0159,Kartika Safitri,8A,75,79,76,93
S-0160,Umi Zulaikha,9A,61,64,54,77
S-0161,Rangga Halim,9A,79,63,64,93
S-0162,Dewi Pratama,7B,81,74,77,98
S-0163,Citra Pratama,9C,79,91,83,77
S-0164,Joko Purnama,9B,70,73,72,93
S-0165,Rangga Ramadhan,8A,72,76,69,92
S-0166,Budi Wibowo,9A,60,59,54,97
S-0167,Rangga Wibowo,9A,97,87,98,73
S-0168,Joko Tambunan,8B,54,69,61,83
S-0169,Kartika Siregar,9C,85,95,87,91
S-0170,Putri Lestari,7A,94,98,94,83
S-0171,Oscar Wibowo,8C,92,87,73,90
S-0172,Citra Kusuma,8C,100,95,87,99
S-0173,Budi Utami,9C,92,98,82,79
S-0174,Dewi Purnama,7B,88,80,94,70
S-0175,Sari Lestari,8B,54,45,49,94
S-0176,Hadi Wibowo,8C,87,97,91,88
S-0177,Dewi Anggraini,7B,62,69,72,90
S-0178,Rangga Pratama,7A,72,79,72,80
S-0179,Dewi Anggraini,7C,65,71,78,90
S-0180,Eko Anggraini,9B,65,73,75,99
S-0181,Andi Halim,7B,79,80,82,80
S-0182,Umi Hidayat,9A,69,69,81,96
S-0183,Maya Saputra,8B,80,78,88,89
S-0184,Joko Anggraini,8B,81,69,82,94
S-0185,Indah Yuliana,7A,87,91,75,76
S-0186,Andi Wibowo,8A,58,71,63,87
S-0187,Gita Maulana,8B,84,71,68,75
S-0188,Umi Safitri,7B,88,95,92,79
S-0189,Taufik Safitri,9C,77,84,80,92
S-0190,Fajar Yuliana,7C,74,73,86,98
S-0191,Eko Nugroho,9A,58,52,65,83
S-0192,Joko Zulaikha,7A,76,86,66,86
S-0193,Oscar Siregar,7B,64,71,65,84
S-0194,Taufik Hidayat,8C,82,99,96,97
S-0195,Eko Utami,8C,72,65,74,81
S-0196,Putri Halim,8A,78,64,75,93
S-0197,Eko Maulana,9C,100,94,99,76
S-0198,Dewi Wijaya,7B,58,65,59,80
S-0199,Maya Pratama,9A,91,88,87,72
S-0200,Joko Ramadhan,7B,45,53,48,75
S-0201,Kartika Tambunan,9B,74,66,74,89
S-0202,Andi Kusuma,8C,68,81,77,98
S-0203,Budi Zulaikha,8B,69,53,73,75
S-0204,Lukman Purnama,7C,54,62,57,85
S-0205,Indah Ramadhan,7A,90,79,87,85
S-0206,Andi Ramadhan,7C,71,76,70,95
S-0207,Andi Saputra,9C,83,71,69,89
S-0208,Hadi Firmansyah,9B,72,73,69,88
S-0209,Oscar Wibowo,9B,68,59,53,90
S-0210,Joko Lestari,8C,71,64,58,91
S-0211,Putri Anggraini,7C,79,82,86,83
S-0212,Maya Utami,9B,78,92,89,77
S-0213,Putri Kusuma,7B,96,86,95,81
S-0214,Putri Maulana,8B,69,81,66,70
S-0215,Oscar Maulana,8C,55,52,62,70
S-0216,Gita Tambunan,7A,74,65,83,73
S-0217,Indah Yuliana,9A,85,88,84,84
S-0218,Andi Hidayat,8C,63,57,55,85
S-0219,Gita Kusuma,9A,69,79,71,99
S-0220,Hadi Yuliana,7B,64,78,74,70
S-0221,Sari Firmansyah,9C,47,61,48,72
S-0222,Budi Kusuma,7C,69,87,73,86
S-0223,Putri Kusuma,8C,95,86,88,92
S-0224,Citra Anggraini,7B,83,84,75,71
S-0225,Andi Utami,8A,82,87,89,90
S-0226,Kartika Siregar,8C,67,52,55,74
S-0227,Rangga Ramadhan,8C,67,68,63,89
S-0228,Nanda Utami,7A,58,69,61,89
S-0229,Nanda Yuliana,8B,87,97,100,78
S-0230,Gita Nugroho,9A,87,93,92,73
S-0231,Hadi Nugroho,9A,74,66,82,99
S-0232,Citra Saputra,9B,78,81,76,82
S-0233,Indah Purnama,8C,82,77,84,74
S-0234,Lukman Firmansyah,7C,77,80,62,84
S-0235,Putri Wibowo,9B,89,83,80,92
S-0236,Hadi Ramadhan,9C,83,89,86,78
S-0237,Taufik Kusuma,8B,85,94,97,85
S-0238,Eko Wijaya,7B,51,53,65,88
S-0239,Hadi Hidayat,8A,67,66,73,75
S-0240,Budi Wijaya,8B,78,72,86,86
S-0241,Andi Lestari,9C,80,94,92,87
S-0242,Andi Safitri,9B,56,58,55,90
S-0243,Umi Utami,7C,79,85,81,95
S-0244,Andi Pratama,8B,88,69,71,72
S-0245,Oscar Lestari,7A,85,91,77,97
S-0246,Sari Maulana,9B,87,86,89,84
S-0247,Kartika Utami,7C,79,76,77,99
S-0248,Kartika Purnama,8A,64,58,61,89
S-0249,Gita Tambunan,7C,86,94,78,100
S-0250,Dewi Siregar,8B,63,62,68,88
S-0251,Lukman Wijaya,9A,83,71,80,78
S-0252,Fajar Wijaya,8C,77,81,89,92
S-0253,Budi Kusuma,9B,53,63,65,83
S-0254,Maya Siregar,8B,62,66,61,85
S-0255,Indah Saputra,7C,80,61,79,96
S-0256,Budi Ramadhan,7C,57,73,58,85
S-0257,Dewi Kusuma,7A,77,81,89,74
S-0258,Taufik Kusuma,8C,67,76,85,70
S-0259,Eko Wijaya,7C,78,77,70,90
S-0260,Umi Halim,7C,77,63,75,99
S-0261,Eko Wibowo,7B,72,65,79,96
S-0262,Lukman Zulaikha,7B,74,73,78,88
S-0263,Putri Halim,7B,54,71,71,85
S-0264,Kartika Siregar,9C,94,93,94,75
S-0265,Maya Utami,8C,85,94,99,85
S-0266,Oscar Purnama,7B,66,72,73,75
S-0267,Rangga Tambunan,7B,79,80,74,88
S-0268,Kartika Purnama,7C,73,82,66,83
S-0269,Oscar Siregar,8B,86,99,84,90
S-0270,Budi Purnama,8C,70,63,75,71
S-0271,Umi Pratama,9B,62,63,71,80
S-0272,Eko Nugroho,9B,70,64,72,81
S-0273,Oscar Utami,7C,62,70,55,97
S-0274,Budi Siregar,9A,77,79,66,97
S-0275,Lukman Zulaikha,9B,88,84,81,70
S-0276,Andi Safitri,9C,60,65,67,89
S-0277,Rangga Siregar,8C,76,83,88,81
S-0278,Andi Wibowo,9A,56,69,67,83
S-0279,Hadi Kusuma,8C,67,64,56,80
S-0280,Gita Nugroho,9C,73,55,69,73
S-0281,Dewi Wibowo,9C,80,78,69,85
S-0282,Maya Utami,7A,95,92,96,70
S-0283,Rangga Utami,9B,60,61,64,92
S-0284,Umi Safitri,9A,57,57,68,81
S-0285,Lukman Nugroho,7B,63,55,46,81
S-0286,Umi Hidayat,7B,84,66,76,91
S-0287,Gita Hidayat,8B,94,91,95,71
S-0288,Nanda Zulaikha,8A,72,75,62,81
S-0289,Umi Siregar,9C,84,95,83,94
S-0290,Sari Safitri,7B,67,65,76,91
S-0291,Eko Purnama,8B,100,89,100,73
S-0292,Putri Utami,7B,80,67,77,80
S-0293,Taufik Maulana,9B,82,71,87,84
S-0294,Joko Yuliana,7B,79,80,76,92
S-0295,Citra Zulaikha,7A,81,69,77,99
S-0296,Rangga Ramadhan,9A,86,94,100,96
S-0297,Lukman Yuliana,9C,71,59,75,75
S-0298,Gita Firmansyah,8C,62,72,64,72
S-0299,Budi Nugroho,8A,83,74,71,98
S-0300,Gita Pratama,8C,70,55,68,95
S-0301,Umi Hidayat,9B,63,68,70,76
S-0302,Rangga Halim,8A,71,81,67,70
S-0303,Gita Tambunan,7A,84,85,82,95
S-0304,Hadi Firmansyah,8A,77,69,80,95
S-0305,Kartika Maulana,8A,70,58,68,75
S-0306,Oscar Tambunan,7C,83,84,77,81
S-0307,Maya Anggraini,7A,96,92,83,84
S-0308,Kartika Purnama,9B,62,64,61,74
S-0309,Lukman Hidayat,7B,73,80,80,87
S-0310,Taufik Siregar,9A,61,75,64,70
S-0311,Dewi Hidayat,9B,80,76,89,77
S-0312,Lukman Siregar,9B,69,62,68,92
S-0313,Fajar Safitri,7B,71,66,74,86
S-0314,Hadi Ramadhan,7C,74,73,65,100
S-0315,Putri Firmansyah,8A,89,88,97,92
S-0316,Lukman Tambunan,7C,97,100,92,100
S-0317,Budi Wibowo,8A,76,70,71,95
S-0318,Maya Purnama,7C,56,66,68,92
S-0319,Umi Tambunan,7B,82,66,82,89
S-0320,Putri Wibowo,7A,70,73,74,70
S-0321,Sari Utami,9A,75,70,73,95
S-0322,Citra Halim,8B,91,94,89,96
S-0323,Joko Yuliana,9B,98,100,97,98
S-0324,Rangga Wibowo,7C,61,54,61,100
S-0325,Kartika Siregar,9B,68,63,80,80
S-0326,Hadi Lestari,8C,72,66,75,90
S-0327,Maya Saputra,9B,65,74,59,71
S-0328,Taufik Anggraini,8A,57,63,51,88
S-0329,Budi Hidayat,7A,84,76,72,71
S-0330,Kartika Purnama,9B,62,71,61,79
S-0331,Kartika Safitri,9A,82,80,77,77
S-0332,Gita Utami,8B,77,77,90,75
S-0333,Joko Pratama,7C,70,61,65,82
S-0334,Hadi Purnama,8A,51,56,52,73
S-0335,Hadi Anggraini,8C,83,75,79,96
S-0336,Kartika Wibowo,8C,88,79,91,89
S-0337,Taufik Tambunan,9C,75,74,79,93
S-0338,Gita Firmansyah,7A,82,81,98,77
S-0339,Putri Halim,8B,80,67,79,98
S-0340,Umi Zulaikha,9A,67,64,59,75
S-0341,Nanda Safitri,7B,66,59,66,86
S-0342,Dewi Anggraini,7A,79,72,79,99
S-0343,Joko Halim,9C,87,86,92,85
S-0344,Taufik Pratama,7C,75,68,65,74
S-0345,Rangga Safitri,9A,73,67,75,80
S-0346,Kartika Purnama,7B,85,97,88,81
S-0347,Oscar Lestari,8B,90,90,93,77
S-0348,Hadi Ramadhan,8C,73,79,75,77
S-0349,Hadi Saputra,8B,78,91,84,76
S-0350,Sari Lestari,8B,83,68,80,75
S-0351,Eko Tambunan,7B,97,89,89,91
S-0352,Nanda Zulaikha,8B,60,51,56,96
S-0353,Maya Pratama,8B,100,88,100,98
S-0354,Eko Safitri,9C,82,73,79,97
S-0355,Gita Anggraini,7B,69,69,83,90
S-0356,Hadi Wibowo,8A,85,81,73,76
S-0357,Rangga Utami,8B,82,82,63,84
S-0358,Hadi Wijaya,9B,100,96,93,76
S-0359,Indah Siregar,7B,60,51,64,82
S-0360,Umi Nugroho,7C,54,56,64,76
S-0361,Rangga Nugroho,7C,89,73,73,74
S-0362,Dewi Safitri,9A,46,61,63,75
S-0363,Taufik Purnama,7C,92,88,81,90
S-0364,Umi Nugroho,7A,86,86,86,70
S-0365,Andi Firmansyah,9B,71,66,71,98
S-0366,Taufik Wibowo,8C,82,81,70,75
S-0367,Nanda Anggraini,9C,71,87,84,73
S-0368,Rangga Siregar,7B,70,78,74,92
S-0369,Andi Tambunan,7C,71,73,73,93
S-0370,Hadi Kusuma,7A,63,65,70,98
S-0371,Taufik Anggraini,8B,55,60,56,98
S-0372,Rangga Kusuma,8C,52,50,50,84
S-0373,Putri Maulana,9A,65,76,85,92
S-0374,Taufik Safitri,9B,91,94,96,85
S-0375,Oscar Zulaikha,7C,48,66,50,93
S-0376,Citra Purnama,8B,97,98,96,87
S-0377,Hadi Utami,9B,66,67,57,76
S-0378,Dewi Wibowo,8B,65,83,66,91
S-0379,Oscar Hidayat,9C,67,54,51,84
S-0380,Eko Nugroho,8C,57,63,70,79
S-0381,Eko Lestari,8B,88,78,83,74
S-0382,Maya Maulana,8C,75,82,83,80
S-0383,Dewi Utami,9C,72,72,88,77
S-0384,Eko Nugroho,8B,79,82,72,76
S-0385,Citra Siregar,9B,95,84,81,78
S-0386,Andi Lestari,9B,66,73,63,89
S-0387,Taufik Halim,8C,99,94,100,84
S-0388,Fajar Hidayat,9C,68,54,55,91
S-0389,Gita Ramadhan,9B,69,72,77,100
S-0390,Sari Kusuma,9B,83,70,68,99
S-0391,Kartika Halim,7A,65,71,70,94
S-0392,Budi Wibowo,7B,83,72,89,77
S-0393,Joko Ramadhan,9C,64,53,54,80
S-0394,Joko Hidayat,9C,90,77,95,93
S-0395,Maya Ramadhan,8C,92,93,100,84
S-0396,Lukman Purnama,7A,67,61,62,99
S-0397,Citra Anggraini,8A,75,92,87,70
S-0398,Hadi Anggraini,8B,90,84,86,76
S-0399,Maya Yuliana,9B,56,66,68,79
S-0400,Fajar Wibowo,9A,84,91,78,72
